x,y,crs,id_unique_code,version,province_code,province_name_original,plot
507000.001295535,4112000.0017201058,23030,04_0792_NN_A3C_xx,ifn3,04,Almeria,0792
507000.001295535,4112000.0017201058,23030,04_0792_xx_A3E_xx,ifn3,04,Almeria,0792
510000.00129373104,4111000.001719709,23030,04_0794_xx_A4_xx,ifn3,04,Almeria,0794
506000.00129701465,4110000.0017219405,23030,04_0795_NN_A1_xx,ifn3,04,Almeria,0795
507000.0012962872,4110000.0017215605,23030,04_0796_NN_A1_xx,ifn3,04,Almeria,0796
508000.0012955602,4110000.0017211884,23030,04_0797_NN_A1_xx,ifn3,04,Almeria,0797
509000.0012948333,4110000.001720812,23030,04_0798_NN_A1_xx,ifn3,04,Almeria,0798
510000.001294107,4110000.001720438,23030,04_0799_NN_A1_xx,ifn3,04,Almeria,0799
511000.00129338074,4110000.001720063,23030,04_0800_xx_A4_xx,ifn3,04,Almeria,0800
512000.0012926551,4110000.001719687,23030,04_0801_xx_A4_xx,ifn3,04,Almeria,0801
513000.00129192957,4110000.0017193104,23030,04_0802_xx_A4_xx,ifn3,04,Almeria,0802
506000.0012973909,4109000.001722666,23030,04_0803_NN_A3C_xx,ifn3,04,Almeria,0803
506000.0012973909,4109000.001722666,23030,04_0803_xx_A3E_xx,ifn3,04,Almeria,0803
507000.0012966635,4109000.0017222892,23030,04_0804_xx_A4C_xx,ifn3,04,Almeria,0804
508000.00129593635,4109000.0017219167,23030,04_0805_NN_A1_xx,ifn3,04,Almeria,0805
510000.00129448297,4109000.0017211656,23030,04_0806_NN_A1_xx,ifn3,04,Almeria,0806
506000.0012977673,4108000.0017233966,23030,04_0807_NN_A1_xx,ifn3,04,Almeria,0807
507000.0012970398,4108000.00172302,23030,04_0808_xx_A4_xx,ifn3,04,Almeria,0808
509000.0012955856,4108000.00172227,23030,04_0809_NN_A1_xx,ifn3,04,Almeria,0809
510000.001294859,4108000.001721894,23030,04_0810_NN_A3C_xx,ifn3,04,Almeria,0810
510000.001294859,4108000.001721894,23030,04_0810_xx_A3E_xx,ifn3,04,Almeria,0810
513000.00129268126,4108000.0017207693,23030,04_0811_NN_A3C_xx,ifn3,04,Almeria,0811
513000.00129268126,4108000.0017207693,23030,04_0811_xx_A3E_xx,ifn3,04,Almeria,0811
498000.0013039768,4107000.0017271377,23030,04_0812_NN_A1_xx,ifn3,04,Almeria,0812
513000.00129305705,4107000.0017214967,23030,04_0814_NN_A1_xx,ifn3,04,Almeria,0814
513000.001293433,4106000.0017222264,23030,04_0816_NN_A1_xx,ifn3,04,Almeria,0816
501000.00130254077,4105000.001727466,23030,04_0820_NN_A1_xx,ifn3,04,Almeria,0820
503000.0013010822,4105000.001726714,23030,04_0822_NN_A1_xx,ifn3,04,Almeria,0822
504000.0013003533,4105000.001726336,23030,04_0823_NN_A1_xx,ifn3,04,Almeria,0823
505000.00129962486,4105000.001725958,23030,04_0824_NN_A1_xx,ifn3,04,Almeria,0824
510000.0012959874,4105000.0017240816,23030,04_0828_xx_A4_xx,ifn3,04,Almeria,0828
500000.0013036475,4104000.0017285733,23030,04_0831_NN_A3C_xx,ifn3,04,Almeria,0831
500000.0013036475,4104000.0017285733,23030,04_0831_xx_A3E_xx,ifn3,04,Almeria,0831
501000.0013029177,4104000.0017281943,23030,04_0832_NN_A3C_xx,ifn3,04,Almeria,0832
501000.0013029177,4104000.0017281943,23030,04_0832_xx_A3E_xx,ifn3,04,Almeria,0832
503000.001301459,4104000.001727438,23030,04_0834_NN_A3C_xx,ifn3,04,Almeria,0834
503000.001301459,4104000.001727438,23030,04_0834_xx_A3E_xx,ifn3,04,Almeria,0834
509000.00129709067,4104000.0017251847,23030,04_0839_NN_A1_xx,ifn3,04,Almeria,0839
510000.0012963638,4104000.0017248075,23030,04_0840_NN_A1_xx,ifn3,04,Almeria,0840
512000.0012949109,4104000.0017240588,23030,04_0842_NN_A1_xx,ifn3,04,Almeria,0842
499000.00130475505,4103000.001729678,23030,04_0844_NN_A3C_xx,ifn3,04,Almeria,0844
499000.00130475505,4103000.001729678,23030,04_0844_xx_A3E_xx,ifn3,04,Almeria,0844
500000.0013040248,4103000.001729302,23030,04_0845_NN_A1_xx,ifn3,04,Almeria,0845
502000.0013025653,4103000.0017285463,23030,04_0847_NN_A1_xx,ifn3,04,Almeria,0847
503000.00130183576,4103000.001728171,23030,04_0848_NN_A1_xx,ifn3,04,Almeria,0848
508000.0012981944,4103000.0017262893,23030,04_0851_NN_A3C_xx,ifn3,04,Almeria,0851
508000.0012981944,4103000.0017262893,23030,04_0851_xx_A3E_xx,ifn3,04,Almeria,0851
513000.0012945611,4103000.001724412,23030,04_0856_NN_A1_xx,ifn3,04,Almeria,0856
500000.00130440184,4102000.0017300327,23030,04_0857_NN_A1_xx,ifn3,04,Almeria,0857
502000.00130294246,4102000.0017292765,23030,04_0859_NN_A1_xx,ifn3,04,Almeria,0859
507000.00129929866,4102000.001727397,23030,04_0862_NN_A1_xx,ifn3,04,Almeria,0862
508000.0012985709,4102000.0017270218,23030,04_0863_NN_A3C_xx,ifn3,04,Almeria,0863
508000.0012985709,4102000.0017270218,23030,04_0863_xx_A3E_xx,ifn3,04,Almeria,0863
509000.00129784364,4102000.0017266427,23030,04_0864_NN_A1_xx,ifn3,04,Almeria,0864
512000.0012956635,4102000.0017255163,23030,04_0866_NN_A1_xx,ifn3,04,Almeria,0866
513000.00129493733,4102000.0017251414,23030,04_0867_NN_A3C_xx,ifn3,04,Almeria,0867
513000.00129493733,4102000.0017251414,23030,04_0867_xx_A3E_xx,ifn3,04,Almeria,0867
502000.0013033194,4101000.0017300085,23030,04_0869_NN_A1_xx,ifn3,04,Almeria,0869
503000.0013025898,4101000.0017296295,23030,04_0870_NN_A3C_xx,ifn3,04,Almeria,0870
503000.0013025898,4101000.0017296295,23030,04_0870_xx_A3E_xx,ifn3,04,Almeria,0870
507000.0012996755,4101000.001728124,23030,04_0872_NN_A1_xx,ifn3,04,Almeria,0872
508000.0012989476,4101000.0017277496,23030,04_0873_NN_A1_xx,ifn3,04,Almeria,0873
509000.0012982201,4101000.0017273743,23030,04_0874_NN_A1_xx,ifn3,04,Almeria,0874
512000.0012960397,4101000.0017262455,23030,04_0876_NN_A3C_xx,ifn3,04,Almeria,0876
512000.0012960397,4101000.0017262455,23030,04_0876_xx_A3E_xx,ifn3,04,Almeria,0876
513000.0012953135,4101000.0017258707,23030,04_0877_NN_A3C_xx,ifn3,04,Almeria,0877
513000.0012953135,4101000.0017258707,23030,04_0877_xx_A3E_xx,ifn3,04,Almeria,0877
502000.0013036965,4100000.0017307377,23030,04_0878_NN_A1_xx,ifn3,04,Almeria,0878
503000.00130296696,4100000.001730361,23030,04_0879_NN_A1_xx,ifn3,04,Almeria,0879
504000.001302238,4100000.001729983,23030,04_0880_NN_A1_xx,ifn3,04,Almeria,0880
506000.0013007804,4100000.001729231,23030,04_0881_NN_A1_xx,ifn3,04,Almeria,0881
507000.0013000523,4100000.0017288546,23030,04_0882_NN_A1_xx,ifn3,04,Almeria,0882
508000.00129932427,4100000.00172848,23030,04_0883_NN_A1_xx,ifn3,04,Almeria,0883
511000.00129714265,4100000.0017273505,23030,04_0884_xx_A4_xx,ifn3,04,Almeria,0884
502000.0013040737,4099000.0017314674,23030,04_0885_NN_A1_xx,ifn3,04,Almeria,0885
503000.00130334415,4099000.0017310893,23030,04_0886_NN_A1_xx,ifn3,04,Almeria,0886
506000.00130115723,4099000.0017299615,23030,04_0887_NN_A1_xx,ifn3,04,Almeria,0887
507000.00130042894,4099000.001729584,23030,04_0888_NN_A1_xx,ifn3,04,Almeria,0888
508000.0012997011,4099000.001729207,23030,04_0889_NN_A1_xx,ifn3,04,Almeria,0889
510000.00129824615,4099000.001728455,23030,04_0890_NN_A1_xx,ifn3,04,Almeria,0890
511000.00129751913,4099000.001728081,23030,04_0891_NN_A3C_xx,ifn3,04,Almeria,0891
511000.00129751913,4099000.001728081,23030,04_0891_xx_A3E_xx,ifn3,04,Almeria,0891
504000.001302992,4098000.001731444,23030,04_0893_NN_A1_xx,ifn3,04,Almeria,0893
507000.001300806,4098000.001730314,23030,04_0894_NN_A1_xx,ifn3,04,Almeria,0894
509000.00129935023,4098000.001729561,23030,04_0896_NN_A1_xx,ifn3,04,Almeria,0896
510000.0012986228,4098000.001729187,23030,04_0897_NN_A1_xx,ifn3,04,Almeria,0897
511000.00129789574,4098000.00172881,23030,04_0898_NN_A3C_xx,ifn3,04,Almeria,0898
511000.00129789574,4098000.00172881,23030,04_0898_xx_A3E_xx,ifn3,04,Almeria,0898
509000.001299727,4097000.001730294,23030,04_0903_NN_A1_xx,ifn3,04,Almeria,0903
510000.00129899953,4097000.001729916,23030,04_0904_xx_A4_xx,ifn3,04,Almeria,0904
507000.00130155997,4096000.001731776,23030,04_0908_NN_A1_xx,ifn3,04,Almeria,0908
510000.00129937625,4096000.0017306474,23030,04_0910_NN_A3C_xx,ifn3,04,Almeria,0910
510000.00129937625,4096000.0017306474,23030,04_0910_xx_A3E_xx,ifn3,04,Almeria,0910
511000.0012986492,4096000.0017302693,23030,04_0911_NN_A3C_xx,ifn3,04,Almeria,0911
511000.0012986492,4096000.0017302693,23030,04_0911_xx_A3E_xx,ifn3,04,Almeria,0911
523000.0012846933,4110000.001715574,23030,04_0918_NN_A1_xx,ifn3,04,Almeria,0918
519000.00128795917,4109000.0017177947,23030,04_0921_xx_A4_xx,ifn3,04,Almeria,0921
520000.0012872359,4109000.0017174217,23030,04_0922_NN_A1_xx,ifn3,04,Almeria,0922
514000.0012919559,4108000.001720394,23030,04_0923_NN_A1_xx,ifn3,04,Almeria,0923
515000.001291231,4108000.0017200196,23030,04_0924_NN_A1_xx,ifn3,04,Almeria,0924
521000.0012868882,4108000.0017177784,23030,04_0925_NN_A1_xx,ifn3,04,Almeria,0925
527000.0012825571,4108000.001715536,23030,04_0926_xx_A4C_xx,ifn3,04,Almeria,0926
515000.00129160663,4107000.0017207474,23030,04_0928_NN_A1_xx,ifn3,04,Almeria,0928
517000.00129015767,4107000.0017199996,23030,04_0930_NN_A1_xx,ifn3,04,Almeria,0930
518000.00128943357,4107000.0017196257,23030,04_0931_NN_A1_xx,ifn3,04,Almeria,0931
520000.0012879865,4107000.001718878,23030,04_0932_NN_A1_xx,ifn3,04,Almeria,0932
521000.00128726347,4107000.0017185034,23030,04_0933_NN_A1_xx,ifn3,04,Almeria,0933
527000.0012829319,4107000.001716267,23030,04_0934_NN_A3C_xx,ifn3,04,Almeria,0934
527000.0012829319,4107000.001716267,23030,04_0934_xx_A3E_xx,ifn3,04,Almeria,0934
514000.00129270763,4106000.0017218506,23030,04_0935_NN_A1_xx,ifn3,04,Almeria,0935
520000.0012887372,4105000.0017203344,23030,04_0944_NN_A1_xx,ifn3,04,Almeria,0944
521000.0012880141,4105000.0017199595,23030,04_0945_NN_A1_xx,ifn3,04,Almeria,0945
524000.00128584635,4105000.00171884,23030,04_0946_NN_A1_xx,ifn3,04,Almeria,0946
525000.0012851245,4105000.001718467,23030,04_0947_NN_A1_xx,ifn3,04,Almeria,0947
526000.0012844028,4105000.001718095,23030,04_0948_NN_A1_xx,ifn3,04,Almeria,0948
527000.0012836818,4105000.0017177206,23030,04_0949_NN_A3C_xx,ifn3,04,Almeria,0949
527000.0012836818,4105000.0017177206,23030,04_0949_xx_A3E_xx,ifn3,04,Almeria,0949
528000.0012829608,4105000.001717347,23030,04_0950_NN_A1_xx,ifn3,04,Almeria,0950
529000.0012822401,4105000.0017169756,23030,04_0951_NN_A1_xx,ifn3,04,Almeria,0951
531000.0012807999,4105000.001716233,23030,04_0952_xx_A4C_xx,ifn3,04,Almeria,0952
517000.0012912846,4104000.001722184,23030,04_0953_NN_A1_xx,ifn3,04,Almeria,0953
518000.00129056035,4104000.0017218115,23030,04_0954_xx_A4_xx,ifn3,04,Almeria,0954
519000.0012898364,4104000.0017214376,23030,04_0955_NN_A3C_xx,ifn3,04,Almeria,0955
519000.0012898364,4104000.0017214376,23030,04_0955_xx_A3E_xx,ifn3,04,Almeria,0955
521000.00128838955,4104000.0017206874,23030,04_0957_NN_A1_xx,ifn3,04,Almeria,0957
522000.0012876665,4104000.0017203144,23030,04_0958_NN_A1_xx,ifn3,04,Almeria,0958
525000.0012854997,4104000.0017191935,23030,04_0959_NN_A1_xx,ifn3,04,Almeria,0959
526000.0012847779,4104000.001718823,23030,04_0960_xx_A4_xx,ifn3,04,Almeria,0960
527000.0012840567,4104000.00171845,23030,04_0961_NN_A1_xx,ifn3,04,Almeria,0961
528000.0012833354,4104000.001718078,23030,04_0962_xx_A4_xx,ifn3,04,Almeria,0962
529000.001282615,4104000.001717704,23030,04_0963_NN_A1_xx,ifn3,04,Almeria,0963
514000.0012938354,4103000.0017240383,23030,04_0965_NN_A1_xx,ifn3,04,Almeria,0965
516000.0012923851,4103000.001723285,23030,04_0966_NN_A1_xx,ifn3,04,Almeria,0966
517000.00129166053,4103000.0017229137,23030,04_0967_NN_A1_xx,ifn3,04,Almeria,0967
518000.0012909361,4103000.001722538,23030,04_0968_NN_A1_xx,ifn3,04,Almeria,0968
519000.00129021204,4103000.001722167,23030,04_0969_NN_A1_xx,ifn3,04,Almeria,0969
520000.00128948834,4103000.001721792,23030,04_0970_NN_A1_xx,ifn3,04,Almeria,0970
521000.00128876494,4103000.0017214175,23030,04_0971_NN_A1_xx,ifn3,04,Almeria,0971
526000.0012851531,4103000.0017195493,23030,04_0972_NN_A1_xx,ifn3,04,Almeria,0972
527000.0012844315,4103000.001719179,23030,04_0973_NN_A1_xx,ifn3,04,Almeria,0973
528000.0012837106,4103000.001718803,23030,04_0974_xx_A4C_xx,ifn3,04,Almeria,0974
514000.00129421166,4102000.0017247675,23030,04_0976_NN_A1_xx,ifn3,04,Almeria,0976
515000.0012934861,4102000.0017243903,23030,04_0977_NN_A3C_xx,ifn3,04,Almeria,0977
515000.0012934861,4102000.0017243903,23030,04_0977_xx_A3E_xx,ifn3,04,Almeria,0977
516000.00129276095,4102000.001724017,23030,04_0978_NN_A3C_xx,ifn3,04,Almeria,0978
516000.00129276095,4102000.001724017,23030,04_0978_xx_A3E_xx,ifn3,04,Almeria,0978
517000.00129203615,4102000.001723644,23030,04_0979_NN_A3C_xx,ifn3,04,Almeria,0979
517000.00129203615,4102000.001723644,23030,04_0979_xx_A3E_xx,ifn3,04,Almeria,0979
519000.0012905877,4102000.0017228937,23030,04_0980_NN_A1_xx,ifn3,04,Almeria,0980
520000.00128986395,4102000.001722521,23030,04_0981_NN_A1_xx,ifn3,04,Almeria,0981
522000.00128841744,4102000.001721772,23030,04_0982_NN_A1_xx,ifn3,04,Almeria,0982
528000.0012840854,4102000.001719536,23030,04_0983_xx_A4_xx,ifn3,04,Almeria,0983
515000.00129386235,4101000.0017251195,23030,04_0984_NN_A3C_xx,ifn3,04,Almeria,0984
515000.00129386235,4101000.0017251195,23030,04_0984_xx_A3E_xx,ifn3,04,Almeria,0984
518000.00129168766,4101000.0017239964,23030,04_0985_NN_A1_xx,ifn3,04,Almeria,0985
519000.0012909635,4101000.0017236224,23030,04_0986_NN_A1_xx,ifn3,04,Almeria,0986
520000.0012902396,4101000.0017232476,23030,04_0987_NN_A1_xx,ifn3,04,Almeria,0987
519000.00129133917,4100000.001724353,23030,04_0990_NN_A1_xx,ifn3,04,Almeria,0990
523000.0012884456,4100000.0017228574,23030,04_0991_xx_A4C_xx,ifn3,04,Almeria,0991
507000.00130193715,4095000.0017325054,23030,04_1025_NN_A3C_xx,ifn3,04,Almeria,1025
507000.00130193715,4095000.0017325054,23030,04_1025_xx_A3E_xx,ifn3,04,Almeria,1025
509000.0012940815,4112000.0017193574,23030,04_2070_xx_NN_xx,ifn3,04,Almeria,2070
513000.0012911784,4112000.0017178548,23030,04_2071_xx_NN_xx,ifn3,04,Almeria,2071
508000.00129668874,4107000.001723374,23030,04_2072_xx_NN_xx,ifn3,04,Almeria,2072
511000.0012945088,4107000.0017222473,23030,04_2073_xx_NN_xx,ifn3,04,Almeria,2073
505000.0013015089,4100000.0017296067,23030,04_2074_xx_NN_xx,ifn3,04,Almeria,2074
510000.0012978694,4100000.0017277272,23030,04_2075_xx_NN_xx,ifn3,04,Almeria,2075
518000.0012913118,4102000.001723269,23030,04_2078_xx_NN_xx,ifn3,04,Almeria,2078
515000.0012942384,4100000.001725848,23030,04_2079_xx_NN_xx,ifn3,04,Almeria,2079
517000.0012927882,4100000.001725104,23030,04_2080_xx_NN_xx,ifn3,04,Almeria,2080
526000.0012862786,4100000.001721737,23030,04_2081_xx_NN_xx,ifn3,04,Almeria,2081
477000.0013140935,4121000.001724876,23030,18_0973_NN_A1_xx,ifn3,18,Granada,0973
482000.00131079357,4120000.0017237077,23030,18_0981_NN_A1_xx,ifn3,18,Granada,0981
477000.00131484936,4119000.001726337,23030,18_0987_xx_A4C_xx,ifn3,18,Granada,0987
483000.00131043635,4119000.0017240583,23030,18_0988_xx_A4_xx,ifn3,18,Granada,0988
483000.00131081394,4118000.0017247866,23030,18_0990_NN_A1_xx,ifn3,18,Granada,0990
482000.00131230406,4116000.001726624,23030,18_0993_NN_A1_xx,ifn3,18,Granada,0993
483000.0013115693,4116000.001726243,23030,18_0994_NN_A1_xx,ifn3,18,Granada,0994
480000.0013141529,4115000.0017281137,23030,18_0997_NN_A1_xx,ifn3,18,Granada,0997
482000.0013126818,4115000.001727354,23030,18_0998_NN_A1_xx,ifn3,18,Granada,0998
480000.00131453085,4114000.0017288416,23030,18_1000_xx_A4_xx,ifn3,18,Granada,1000
481000.00131379504,4114000.001728463,23030,18_1001_NN_A1_xx,ifn3,18,Granada,1001
484000.0013100795,4118000.00172441,23030,18_1060_NN_A3C_xx,ifn3,18,Granada,1060
484000.0013100795,4118000.00172441,23030,18_1060_xx_A3E_xx,ifn3,18,Granada,1060
486000.00130861165,4118000.0017236522,23030,18_1061_NN_A1_xx,ifn3,18,Granada,1061
485000.00130972307,4117000.0017247596,23030,18_1062_NN_A1_xx,ifn3,18,Granada,1062
484000.00131083454,4116000.0017258665,23030,18_1063_NN_A3C_xx,ifn3,18,Granada,1063
484000.00131083454,4116000.0017258665,23030,18_1063_xx_A3E_xx,ifn3,18,Granada,1063
484000.0013112122,4115000.001726596,23030,18_1066_NN_A1_xx,ifn3,18,Granada,1066
486000.0013101215,4114000.0017265677,23030,18_1067_xx_A4_xx,ifn3,18,Granada,1067
492000.00130572426,4114000.0017242953,23030,18_1070_xx_A4_xx,ifn3,18,Granada,1070
496000.00130279927,4114000.001722787,23030,18_1071_NN_A1_xx,ifn3,18,Granada,1071
449000.0013397873,4108000.0017450848,23030,18_1176_NN_A3C_xx,ifn3,18,Granada,1176
449000.0013397873,4108000.0017450848,23030,18_1176_xx_A3E_xx,ifn3,18,Granada,1176
451000.0013382946,4108000.0017443174,23030,18_1177_NN_A1_xx,ifn3,18,Granada,1177
450000.00133942143,4107000.001745434,23030,18_1180_NN_A1_xx,ifn3,18,Granada,1180
451000.0013386752,4107000.0017450475,23030,18_1181_NN_A1_xx,ifn3,18,Granada,1181
452000.0013379292,4107000.0017446647,23030,18_1182_NN_A1_xx,ifn3,18,Granada,1182
452000.00133830984,4106000.001745399,23030,18_1184_NN_A3C_xx,ifn3,18,Granada,1184
452000.00133830984,4106000.001745399,23030,18_1184_xx_A3E_xx,ifn3,18,Granada,1184
453000.0013387063,4103000.0017472096,23030,18_1187_NN_A1_xx,ifn3,18,Granada,1187
450000.0013413263,4102000.001749098,23030,18_1188_NN_A1_xx,ifn3,18,Granada,1188
451000.0013405796,4102000.0017487127,23030,18_1189_NN_A1_xx,ifn3,18,Granada,1189
444000.0013461948,4101000.001752148,23030,18_1191_xx_A4_xx,ifn3,18,Granada,1191
450000.00134170736,4101000.0017498336,23030,18_1193_NN_A1_xx,ifn3,18,Granada,1193
445000.00134582777,4100000.001752495,23030,18_1196_NN_A1_xx,ifn3,18,Granada,1196
446000.00134507933,4100000.001752109,23030,18_1197_NN_A1_xx,ifn3,18,Granada,1197
449000.0013428357,4100000.0017509502,23030,18_1200_NN_A3C_xx,ifn3,18,Granada,1200
449000.0013428357,4100000.0017509502,23030,18_1200_xx_A3E_xx,ifn3,18,Granada,1200
451000.00134134176,4100000.0017501796,23030,18_1201_NN_A1_xx,ifn3,18,Granada,1201
453000.00133984914,4100000.0017494084,23030,18_1202_xx_A4_xx,ifn3,18,Granada,1202
446000.00134546077,4099000.001752843,23030,18_1204_NN_A1_xx,ifn3,18,Granada,1204
447000.0013447125,4099000.001752455,23030,18_1205_xx_A4C_xx,ifn3,18,Granada,1205
448000.0013439647,4099000.001752066,23030,18_1206_NN_A1_xx,ifn3,18,Granada,1206
449000.0013432171,4099000.0017516823,23030,18_1207_NN_A1_xx,ifn3,18,Granada,1207
452000.0013421201,4096000.0017527286,23030,18_1216_NN_A1_xx,ifn3,18,Granada,1216
481000.0013141731,4113000.0017291927,23030,18_1219_NN_A1_xx,ifn3,18,Granada,1219
482000.00131343777,4113000.001728813,23030,18_1220_NN_A1_xx,ifn3,18,Granada,1220
482000.00131381577,4112000.0017295433,23030,18_1223_NN_A1_xx,ifn3,18,Granada,1223
481000.0013149292,4111000.0017306525,23030,18_1228_NN_A1_xx,ifn3,18,Granada,1228
483000.0013134584,4111000.001729896,23030,18_1229_NN_A1_xx,ifn3,18,Granada,1229
460000.00133083394,4110000.0017393953,23030,18_1230_NN_A1_xx,ifn3,18,Granada,1230
466000.00132638274,4110000.0017371,23030,18_1234_xx_A4_xx,ifn3,18,Granada,1234
481000.0013153075,4110000.0017313845,23030,18_1235_NN_A1_xx,ifn3,18,Granada,1235
482000.00131457177,4110000.001731002,23030,18_1236_NN_A1_xx,ifn3,18,Granada,1236
483000.00131383643,4110000.0017306213,23030,18_1237_NN_A3C_xx,ifn3,18,Granada,1237
483000.00131383643,4110000.0017306213,23030,18_1237_xx_A3E_xx,ifn3,18,Granada,1237
461000.0013304711,4109000.0017397413,23030,18_1238_NN_A1_xx,ifn3,18,Granada,1238
463000.0013289864,4109000.001738978,23030,18_1239_NN_A1_xx,ifn3,18,Granada,1239
468000.001325281,4109000.001737066,23030,18_1241_xx_A4_xx,ifn3,18,Granada,1241
469000.0013245408,4109000.001736684,23030,18_1242_xx_A4_xx,ifn3,18,Granada,1242
454000.0013360579,4108000.001743164,23030,18_1244_NN_A1_xx,ifn3,18,Granada,1244
455000.00133531314,4108000.001742777,23030,18_1245_NN_A3C_xx,ifn3,18,Granada,1245
455000.00133531314,4108000.001742777,23030,18_1245_xx_A3E_xx,ifn3,18,Granada,1245
456000.0013345686,4108000.0017423932,23030,18_1246_NN_A1_xx,ifn3,18,Granada,1246
457000.0013338244,4108000.00174201,23030,18_1247_NN_A3C_xx,ifn3,18,Granada,1247
457000.0013338244,4108000.00174201,23030,18_1247_xx_A3E_xx,ifn3,18,Granada,1247
458000.00133308046,4108000.001741627,23030,18_1248_NN_A1_xx,ifn3,18,Granada,1248
459000.00133233686,4108000.001741244,23030,18_1249_NN_A1_xx,ifn3,18,Granada,1249
465000.00132788275,4108000.001738946,23030,18_1251_NN_A1_xx,ifn3,18,Granada,1251
469000.00132492016,4108000.001737415,23030,18_1252_NN_A1_xx,ifn3,18,Granada,1252
470000.0013241802,4108000.0017370335,23030,18_1253_NN_A1_xx,ifn3,18,Granada,1253
483000.00131459266,4108000.0017320854,23030,18_1254_NN_A1_xx,ifn3,18,Granada,1254
460000.00133197376,4107000.0017415923,23030,18_1255_NN_A1_xx,ifn3,18,Granada,1255
461000.0013312308,4107000.0017412077,23030,18_1256_NN_A1_xx,ifn3,18,Granada,1256
455000.00133607385,4106000.0017442433,23030,18_1260_NN_A1_xx,ifn3,18,Granada,1260
461000.00133161084,4106000.0017419397,23030,18_1263_NN_A1_xx,ifn3,18,Granada,1263
462000.0013308682,4106000.0017415546,23030,18_1264_NN_A1_xx,ifn3,18,Granada,1264
464000.00132938375,4106000.0017407904,23030,18_1265_xx_A4_xx,ifn3,18,Granada,1265
454000.0013371995,4105000.001745358,23030,18_1268_NN_A1_xx,ifn3,18,Granada,1268
455000.0013364545,4105000.0017449725,23030,18_1269_NN_A1_xx,ifn3,18,Granada,1269
456000.00133570953,4105000.001744591,23030,18_1270_NN_A1_xx,ifn3,18,Granada,1270
457000.00133496517,4105000.001744207,23030,18_1271_NN_A1_xx,ifn3,18,Granada,1271
458000.0013342211,4105000.0017438233,23030,18_1272_NN_A3C_xx,ifn3,18,Granada,1272
458000.0013342211,4105000.0017438233,23030,18_1272_xx_A3E_xx,ifn3,18,Granada,1272
459000.0013334774,4105000.001743438,23030,18_1273_NN_A1_xx,ifn3,18,Granada,1273
457000.00133534573,4104000.001744937,23030,18_1275_xx_A4_xx,ifn3,18,Granada,1275
458000.0013346015,4104000.001744555,23030,18_1276_NN_A1_xx,ifn3,18,Granada,1276
455000.00133759633,4102000.0017471733,23030,18_1279_NN_A1_xx,ifn3,18,Granada,1279
456000.0013368513,4102000.001746787,23030,18_1280_NN_A1_xx,ifn3,18,Granada,1280
457000.00133724854,4099000.0017486047,23030,18_1285_xx_A4_xx,ifn3,18,Granada,1285
454000.00133986527,4098000.0017504883,23030,18_1288_NN_A1_xx,ifn3,18,Granada,1288
479000.00132132485,4098000.0017409157,23030,18_1289_NN_A1_xx,ifn3,18,Granada,1289
481000.0013198505,4098000.0017401543,23030,18_1290_NN_A1_xx,ifn3,18,Granada,1290
455000.00133988156,4096000.001751574,23030,18_1296_NN_A1_xx,ifn3,18,Granada,1296
456000.0013391363,4096000.0017511863,23030,18_1297_NN_A1_xx,ifn3,18,Granada,1297
457000.00133839116,4096000.001750803,23030,18_1298_NN_A1_xx,ifn3,18,Granada,1298
480000.0013213458,4096000.001741998,23030,18_1299_NN_A1_xx,ifn3,18,Granada,1299
486000.00131049904,4113000.0017272993,23030,18_1302_NN_A1_xx,ifn3,18,Granada,1302
487000.0013097654,4113000.0017269203,23030,18_1303_xx_A4_xx,ifn3,18,Granada,1303
492000.0013061015,4113000.001725027,23030,18_1305_NN_A1_xx,ifn3,18,Granada,1305
495000.0013039069,4113000.001723894,23030,18_1306_NN_A1_xx,ifn3,18,Granada,1306
496000.00130317605,4113000.001723517,23030,18_1307_NN_A1_xx,ifn3,18,Granada,1307
484000.0013123456,4112000.0017287848,23030,18_1309_NN_A1_xx,ifn3,18,Granada,1309
485000.001311611,4112000.0017284057,23030,18_1310_xx_A4_xx,ifn3,18,Granada,1310
487000.00131014304,4112000.0017276453,23030,18_1311_NN_A1_xx,ifn3,18,Granada,1311
488000.00130940933,4112000.0017272695,23030,18_1312_NN_A1_xx,ifn3,18,Granada,1312
489000.00130867615,4112000.0017268914,23030,18_1313_NN_A1_xx,ifn3,18,Granada,1313
490000.00130794325,4112000.001726513,23030,18_1314_NN_A1_xx,ifn3,18,Granada,1314
495000.0013042839,4112000.001724623,23030,18_1315_NN_A1_xx,ifn3,18,Granada,1315
496000.001303553,4112000.001724247,23030,18_1316_NN_A1_xx,ifn3,18,Granada,1316
499000.00130136247,4112000.0017231125,23030,18_1318_NN_A1_xx,ifn3,18,Granada,1318
500000.0013006328,4112000.00172274,23030,18_1319_NN_A1_xx,ifn3,18,Granada,1319
501000.0012999035,4112000.001722362,23030,18_1320_NN_A1_xx,ifn3,18,Granada,1320
502000.0012991747,4112000.001721985,23030,18_1321_NN_A3C_xx,ifn3,18,Granada,1321
502000.0012991747,4112000.001721985,23030,18_1321_xx_A3E_xx,ifn3,18,Granada,1321
504000.0012977177,4112000.0017212336,23030,18_1323_NN_A3C_xx,ifn3,18,Granada,1323
504000.0012977177,4112000.0017212336,23030,18_1323_xx_A3E_xx,ifn3,18,Granada,1323
485000.00131198886,4111000.001729136,23030,18_1324_NN_A1_xx,ifn3,18,Granada,1324
486000.0013112546,4111000.0017287554,23030,18_1325_NN_A1_xx,ifn3,18,Granada,1325
488000.00130978716,4111000.0017279973,23030,18_1326_NN_A3C_xx,ifn3,18,Granada,1326
488000.00130978716,4111000.0017279973,23030,18_1326_xx_A3E_xx,ifn3,18,Granada,1326
489000.0013090537,4111000.0017276197,23030,18_1327_NN_A3C_xx,ifn3,18,Granada,1327
489000.0013090537,4111000.0017276197,23030,18_1327_xx_A3E_xx,ifn3,18,Granada,1327
490000.00130832073,4111000.0017272425,23030,18_1328_NN_A3C_xx,ifn3,18,Granada,1328
490000.00130832073,4111000.0017272425,23030,18_1328_xx_A3E_xx,ifn3,18,Granada,1328
491000.00130758807,4111000.0017268625,23030,18_1329_NN_A1_xx,ifn3,18,Granada,1329
492000.00130685593,4111000.001726486,23030,18_1330_NN_A3C_xx,ifn3,18,Granada,1330
492000.00130685593,4111000.001726486,23030,18_1330_xx_A3E_xx,ifn3,18,Granada,1330
493000.00130612386,4111000.001726107,23030,18_1331_xx_A4_xx,ifn3,18,Granada,1331
494000.00130539224,4111000.001725729,23030,18_1332_NN_A1_xx,ifn3,18,Granada,1332
497000.00130319933,4111000.001724598,23030,18_1333_NN_A1_xx,ifn3,18,Granada,1333
498000.00130246894,4111000.0017242194,23030,18_1334_NN_A1_xx,ifn3,18,Granada,1334
501000.00130028016,4111000.001723089,23030,18_1335_xx_A4_xx,ifn3,18,Granada,1335
502000.00129955093,4111000.0017227144,23030,18_1336_NN_A1_xx,ifn3,18,Granada,1336
505000.00129736617,4111000.0017215842,23030,18_1338_NN_A1_xx,ifn3,18,Granada,1338
506000.0012966384,4111000.001721209,23030,18_1339_NN_A1_xx,ifn3,18,Granada,1339
484000.0013131014,4110000.0017302446,23030,18_1340_NN_A1_xx,ifn3,18,Granada,1340
486000.00131163246,4110000.0017294846,23030,18_1341_NN_A1_xx,ifn3,18,Granada,1341
487000.0013108984,4110000.0017291065,23030,18_1342_NN_A1_xx,ifn3,18,Granada,1342
491000.0013079655,4110000.0017275917,23030,18_1343_xx_A4C_xx,ifn3,18,Granada,1343
492000.00130723324,4110000.0017272136,23030,18_1344_NN_A1_xx,ifn3,18,Granada,1344
493000.001306501,4110000.001726835,23030,18_1345_NN_A1_xx,ifn3,18,Granada,1345
494000.00130576943,4110000.0017264597,23030,18_1346_NN_A3C_xx,ifn3,18,Granada,1346
494000.00130576943,4110000.0017264597,23030,18_1346_xx_A3E_xx,ifn3,18,Granada,1346
495000.00130503793,4110000.001726082,23030,18_1347_xx_A4_xx,ifn3,18,Granada,1347
496000.0013043071,4110000.001725702,23030,18_1348_NN_A1_xx,ifn3,18,Granada,1348
497000.00130357634,4110000.001725326,23030,18_1349_NN_A1_xx,ifn3,18,Granada,1349
499000.0013021158,4110000.001724572,23030,18_1350_NN_A1_xx,ifn3,18,Granada,1350
500000.00130138604,4110000.0017241957,23030,18_1351_NN_A1_xx,ifn3,18,Granada,1351
505000.0012977424,4110000.0017223135,23030,18_1352_NN_A3C_xx,ifn3,18,Granada,1352
505000.0012977424,4110000.0017223135,23030,18_1352_xx_A3E_xx,ifn3,18,Granada,1352
484000.0013134794,4109000.001730974,23030,18_1353_NN_A1_xx,ifn3,18,Granada,1353
487000.0013112761,4109000.001729837,23030,18_1354_NN_A1_xx,ifn3,18,Granada,1354
488000.00131054234,4109000.0017294586,23030,18_1355_NN_A3C_xx,ifn3,18,Granada,1355
488000.00131054234,4109000.0017294586,23030,18_1355_xx_A3E_xx,ifn3,18,Granada,1355
490000.00130907574,4109000.0017287,23030,18_1356_NN_A3C_xx,ifn3,18,Granada,1356
490000.00130907574,4109000.0017287,23030,18_1356_xx_A3E_xx,ifn3,18,Granada,1356
495000.00130541524,4109000.00172681,23030,18_1357_NN_A1_xx,ifn3,18,Granada,1357
498000.0013032229,4109000.0017256783,23030,18_1358_NN_A1_xx,ifn3,18,Granada,1358
500000.0013017628,4109000.0017249235,23030,18_1359_NN_A1_xx,ifn3,18,Granada,1359
502000.00130030425,4109000.001724173,23030,18_1360_NN_A1_xx,ifn3,18,Granada,1360
503000.00129957544,4109000.0017237947,23030,18_1361_NN_A1_xx,ifn3,18,Granada,1361
504000.0012988469,4109000.001723418,23030,18_1362_NN_A1_xx,ifn3,18,Granada,1362
486000.0013123881,4108000.001730944,23030,18_1363_NN_A1_xx,ifn3,18,Granada,1363
488000.00131092005,4108000.001730189,23030,18_1364_NN_A3C_xx,ifn3,18,Granada,1364
488000.00131092005,4108000.001730189,23030,18_1364_xx_A3E_xx,ifn3,18,Granada,1364
492000.0013079881,4108000.0017286744,23030,18_1365_NN_A1_xx,ifn3,18,Granada,1365
493000.0013072557,4108000.001728296,23030,18_1366_NN_A1_xx,ifn3,18,Granada,1366
494000.0013065239,4108000.001727919,23030,18_1367_NN_A1_xx,ifn3,18,Granada,1367
502000.00130068086,4108000.001724899,23030,18_1368_NN_A1_xx,ifn3,18,Granada,1368
504000.0012992234,4108000.0017241472,23030,18_1370_NN_A1_xx,ifn3,18,Granada,1370
494000.00130690134,4107000.0017286474,23030,18_1372_NN_A1_xx,ifn3,18,Granada,1372
495000.0013061697,4107000.00172827,23030,18_1373_NN_A1_xx,ifn3,18,Granada,1373
498000.00130435405,4106000.001727866,23030,18_1376_NN_A3C_xx,ifn3,18,Granada,1376
498000.00130435405,4106000.001727866,23030,18_1376_xx_A3E_xx,ifn3,18,Granada,1376
498000.0013054856,4103000.001730056,23030,18_1390_NN_A1_xx,ifn3,18,Granada,1390
488000.00131318794,4102000.001734571,23030,18_1394_NN_A3C_xx,ifn3,18,Granada,1394
488000.00131318794,4102000.001734571,23030,18_1394_xx_A3E_xx,ifn3,18,Granada,1394
489000.0013124541,4102000.0017341916,23030,18_1395_NN_A1_xx,ifn3,18,Granada,1395
498000.00130586314,4102000.0017307866,23030,18_1398_NN_A1_xx,ifn3,18,Granada,1398
489000.0013128321,4101000.001734923,23030,18_1402_NN_A1_xx,ifn3,18,Granada,1402
489000.00131321035,4100000.0017356523,23030,18_1406_NN_A3C_xx,ifn3,18,Granada,1406
489000.00131321035,4100000.0017356523,23030,18_1406_xx_A3E_xx,ifn3,18,Granada,1406
491000.0013117431,4100000.0017348975,23030,18_1407_NN_A1_xx,ifn3,18,Granada,1407
496000.0013080805,4100000.0017330036,23030,18_1408_NN_A1_xx,ifn3,18,Granada,1408
488000.0013143227,4099000.0017367625,23030,18_1411_NN_A3C_xx,ifn3,18,Granada,1411
488000.0013143227,4099000.0017367625,23030,18_1411_xx_A3E_xx,ifn3,18,Granada,1411
486000.0013161709,4098000.0017382507,23030,18_1413_NN_A1_xx,ifn3,18,Granada,1413
488000.0013147012,4098000.0017374954,23030,18_1414_NN_A1_xx,ifn3,18,Granada,1414
486000.00131654943,4097000.0017389855,23030,18_1416_NN_A1_xx,ifn3,18,Granada,1416
485000.00131766347,4096000.001740096,23030,18_1419_NN_A1_xx,ifn3,18,Granada,1419
487000.00131619297,4096000.0017393366,23030,18_1420_NN_A1_xx,ifn3,18,Granada,1420
488000.00131545815,4096000.001738958,23030,18_1421_NN_A1_xx,ifn3,18,Granada,1421
453000.0013417549,4095000.001753077,23030,18_1488_NN_A3C_xx,ifn3,18,Granada,1488
453000.0013417549,4095000.001753077,23030,18_1488_xx_A3E_xx,ifn3,18,Granada,1488
452000.0013447908,4089000.0017578644,23030,18_1514_NN_A3C_xx,ifn3,18,Granada,1514
452000.0013447908,4089000.0017578644,23030,18_1514_xx_A3E_xx,ifn3,18,Granada,1514
455000.0013402629,4095000.001752305,23030,18_1668_NN_A3C_xx,ifn3,18,Granada,1668
455000.0013402629,4095000.001752305,23030,18_1668_xx_A3E_xx,ifn3,18,Granada,1668
464000.0013335653,4095000.0017488487,23030,18_1670_NN_A3C_xx,ifn3,18,Granada,1670
464000.0013335653,4095000.0017488487,23030,18_1670_xx_A3E_xx,ifn3,18,Granada,1670
477000.00132393854,4095000.0017438736,23030,18_1672_NN_A1_xx,ifn3,18,Granada,1672
480000.00132172497,4095000.001742731,23030,18_1674_NN_A1_xx,ifn3,18,Granada,1674
481000.0013209879,4095000.0017423513,23030,18_1675_NN_A1_xx,ifn3,18,Granada,1675
454000.0013413901,4094000.001753423,23030,18_1677_NN_A1_xx,ifn3,18,Granada,1677
456000.0013398983,4094000.0017526555,23030,18_1678_NN_A1_xx,ifn3,18,Granada,1678
479000.0013228419,4094000.0017438424,23030,18_1682_NN_A1_xx,ifn3,18,Granada,1682
466000.0013328413,4093000.001749546,23030,18_1688_NN_A3C_xx,ifn3,18,Granada,1688
466000.0013328413,4093000.001749546,23030,18_1688_xx_A3E_xx,ifn3,18,Granada,1688
467000.00133209926,4093000.0017491635,23030,18_1689_NN_A3C_xx,ifn3,18,Granada,1689
467000.00133209926,4093000.0017491635,23030,18_1689_xx_A3E_xx,ifn3,18,Granada,1689
477000.00132469746,4093000.0017453395,23030,18_1691_NN_A1_xx,ifn3,18,Granada,1691
464000.00133470685,4092000.0017510476,23030,18_1692_NN_A1_xx,ifn3,18,Granada,1692
471000.00132951466,4092000.001748367,23030,18_1694_xx_A4_xx,ifn3,18,Granada,1694
477000.00132507714,4092000.001746073,23030,18_1695_NN_A3C_xx,ifn3,18,Granada,1695
477000.00132507714,4092000.001746073,23030,18_1695_xx_A3E_xx,ifn3,18,Granada,1695
478000.00132433866,4092000.0017456906,23030,18_1696_NN_A3C_xx,ifn3,18,Granada,1696
478000.00132433866,4092000.0017456906,23030,18_1696_xx_A3E_xx,ifn3,18,Granada,1696
459000.00133880664,4091000.0017537046,23030,18_1698_NN_A1_xx,ifn3,18,Granada,1698
463000.00133583066,4091000.0017521633,23030,18_1699_NN_A1_xx,ifn3,18,Granada,1699
473000.00132841413,4091000.0017483337,23030,18_1701_NN_A3C_xx,ifn3,18,Granada,1701
473000.00132841413,4091000.0017483337,23030,18_1701_xx_A3E_xx,ifn3,18,Granada,1701
474000.00132767425,4091000.0017479523,23030,18_1702_NN_A1_xx,ifn3,18,Granada,1702
475000.0013269348,4091000.001747569,23030,18_1703_NN_A1_xx,ifn3,18,Granada,1703
461000.0013376991,4090000.001753667,23030,18_1704_NN_A1_xx,ifn3,18,Granada,1704
462000.00133695506,4090000.0017532846,23030,18_1705_NN_A1_xx,ifn3,18,Granada,1705
466000.00133398274,4090000.0017517493,23030,18_1707_NN_A3C_xx,ifn3,18,Granada,1707
466000.00133398274,4090000.0017517493,23030,18_1707_xx_A3E_xx,ifn3,18,Granada,1707
470000.0013310159,4090000.0017502145,23030,18_1709_NN_A1_xx,ifn3,18,Granada,1709
471000.0013302749,4090000.001749832,23030,18_1710_NN_A1_xx,ifn3,18,Granada,1710
472000.0013295344,4090000.0017494485,23030,18_1711_NN_A1_xx,ifn3,18,Granada,1711
473000.0013287942,4090000.001749069,23030,18_1712_NN_A1_xx,ifn3,18,Granada,1712
474000.00132805435,4090000.0017486834,23030,18_1713_NN_A3C_xx,ifn3,18,Granada,1713
474000.00132805435,4090000.0017486834,23030,18_1713_xx_A3E_xx,ifn3,18,Granada,1713
459000.00133956893,4089000.00175517,23030,18_1717_NN_A3C_xx,ifn3,18,Granada,1717
459000.00133956893,4089000.00175517,23030,18_1717_xx_A3E_xx,ifn3,18,Granada,1717
461000.0013380801,4089000.0017544003,23030,18_1718_NN_A1_xx,ifn3,18,Granada,1718
462000.001337336,4089000.0017540157,23030,18_1719_NN_A1_xx,ifn3,18,Granada,1719
465000.0013351061,4089000.0017528627,23030,18_1721_NN_A1_xx,ifn3,18,Granada,1721
470000.0013313964,4089000.0017509465,23030,18_1722_xx_A4C_xx,ifn3,18,Granada,1722
476000.0013269554,4089000.001748652,23030,18_1723_NN_A1_xx,ifn3,18,Granada,1723
469000.001332518,4088000.001752064,23030,18_1726_NN_A1_xx,ifn3,18,Granada,1726
481000.0013107734,4122000.00172263,23030,18_2317_xx_NN_xx,ifn3,18,Granada,2317
475000.0013159449,4120000.001726366,23030,18_2319_xx_NN_xx,ifn3,18,Granada,2319
480000.0013122634,4120000.0017244667,23030,18_2320_xx_NN_xx,ifn3,18,Granada,2320
474000.00131706015,4119000.001727476,23030,18_2321_xx_NN_xx,ifn3,18,Granada,2321
478000.00131449086,4118000.001726685,23030,18_2324_xx_NN_xx,ifn3,18,Granada,2324
480000.001313019,4118000.0017259265,23030,18_2325_xx_NN_xx,ifn3,18,Granada,2325
476000.00131634227,4117000.0017281747,23030,18_2326_xx_NN_xx,ifn3,18,Granada,2326
482000.0013119263,4117000.0017258963,23030,18_2327_xx_NN_xx,ifn3,18,Granada,2327
477000.0013159836,4116000.0017285245,23030,18_2329_xx_NN_xx,ifn3,18,Granada,2329
447000.0013439496,4101000.0017509894,23030,18_2390_xx_NN_xx,ifn3,18,Granada,2390
450000.00134208845,4100000.001750564,23030,18_2391_xx_NN_xx,ifn3,18,Granada,2391
452000.0013413575,4098000.0017512594,23030,18_2394_xx_NN_xx,ifn3,18,Granada,2394
471000.00132306165,4109000.001735922,23030,18_2402_xx_NN_xx,ifn3,18,Granada,2402
462000.0013301085,4108000.0017400924,23030,18_2404_xx_NN_xx,ifn3,18,Granada,2404
456000.0013349488,4107000.001743124,23030,18_2405_xx_NN_xx,ifn3,18,Granada,2405
459000.001332717,4107000.0017419746,23030,18_2406_xx_NN_xx,ifn3,18,Granada,2406
471000.00132382,4107000.0017373846,23030,18_2407_xx_NN_xx,ifn3,18,Granada,2407
454000.0013368188,4106000.0017446266,23030,18_2408_xx_NN_xx,ifn3,18,Granada,2408
457000.00133458484,4106000.0017434745,23030,18_2409_xx_NN_xx,ifn3,18,Granada,2409
456000.00133647077,4103000.0017460575,23030,18_2410_xx_NN_xx,ifn3,18,Granada,2410
454000.00133872236,4101000.0017482927,23030,18_2411_xx_NN_xx,ifn3,18,Granada,2411
455000.00133835786,4100000.0017486387,23030,18_2412_xx_NN_xx,ifn3,18,Granada,2412
459000.0013353792,4100000.001747102,23030,18_2413_xx_NN_xx,ifn3,18,Granada,2413
481000.00131909276,4100000.001738692,23030,18_2414_xx_NN_xx,ifn3,18,Granada,2414
454000.0013394843,4099000.0017497553,23030,18_2415_xx_NN_xx,ifn3,18,Granada,2415
478000.0013216833,4099000.0017405637,23030,18_2416_xx_NN_xx,ifn3,18,Granada,2416
476000.0013239181,4097000.0017427914,23030,18_2417_xx_NN_xx,ifn3,18,Granada,2417
482000.00131949293,4097000.0017405045,23030,18_2418_xx_NN_xx,ifn3,18,Granada,2418
498000.00130171556,4113000.001722764,23030,18_2420_xx_NN_xx,ifn3,18,Granada,2420
493000.0013057467,4112000.001725377,23030,18_2422_xx_NN_xx,ifn3,18,Granada,2422
485000.0013123668,4110000.0017298637,23030,18_2423_xx_NN_xx,ifn3,18,Granada,2423
490000.00130869827,4110000.0017279717,23030,18_2424_xx_NN_xx,ifn3,18,Granada,2424
489000.0013101866,4108000.0017298087,23030,18_2425_xx_NN_xx,ifn3,18,Granada,2425
499000.0013028696,4108000.001726032,23030,18_2426_xx_NN_xx,ifn3,18,Granada,2426
505000.0012988716,4107000.0017245007,23030,18_2427_xx_NN_xx,ifn3,18,Granada,2427
493000.0013091436,4103000.001731946,23030,18_2429_xx_NN_xx,ifn3,18,Granada,2429
492000.0013102542,4102000.0017330563,23030,18_2430_xx_NN_xx,ifn3,18,Granada,2430
494000.00130878895,4102000.0017322972,23030,18_2431_xx_NN_xx,ifn3,18,Granada,2431
485000.0013157703,4101000.0017364398,23030,18_2432_xx_NN_xx,ifn3,18,Granada,2432
487000.0013143006,4101000.0017356793,23030,18_2433_xx_NN_xx,ifn3,18,Granada,2433
493000.0013098991,4101000.001733406,23030,18_2434_xx_NN_xx,ifn3,18,Granada,2434
485000.00131614885,4100000.0017371676,23030,18_2435_xx_NN_xx,ifn3,18,Granada,2435
495000.0013088124,4100000.0017333785,23030,18_2436_xx_NN_xx,ifn3,18,Granada,2436
495000.00130919024,4099000.0017341096,23030,18_2438_xx_NN_xx,ifn3,18,Granada,2438
498000.00130699546,4099000.001732978,23030,18_2439_xx_NN_xx,ifn3,18,Granada,2439
492000.0013117661,4098000.001735977,23030,18_2440_xx_NN_xx,ifn3,18,Granada,2440
499000.0013066422,4098000.001733329,23030,18_2441_xx_NN_xx,ifn3,18,Granada,2441
484000.00131802063,4097000.001739745,23030,18_2442_xx_NN_xx,ifn3,18,Granada,2442
493000.0013114111,4097000.0017363303,23030,18_2443_xx_NN_xx,ifn3,18,Granada,2443
497000.00130848214,4097000.001734817,23030,18_2444_xx_NN_xx,ifn3,18,Granada,2444
494000.0013110563,4096000.0017366842,23030,18_2445_xx_NN_xx,ifn3,18,Granada,2445
453000.00134251773,4093000.0017545447,23030,18_2469_xx_NN_xx,ifn3,18,Granada,2469
475000.00132541585,4095000.0017446377,23030,18_2499_xx_NN_xx,ifn3,18,Granada,2499
469000.0013302361,4094000.0017476636,23030,18_2500_xx_NN_xx,ifn3,18,Granada,2500
483000.00131989346,4094000.001742319,23030,18_2501_xx_NN_xx,ifn3,18,Granada,2501
455000.00134102535,4093000.001753775,23030,18_2502_xx_NN_xx,ifn3,18,Granada,2502
463000.00133506925,4093000.0017506965,23030,18_2503_xx_NN_xx,ifn3,18,Granada,2503
475000.0013261752,4093000.001746101,23030,18_2504_xx_NN_xx,ifn3,18,Granada,2504
454000.00134215277,4092000.0017548916,23030,18_2505_xx_NN_xx,ifn3,18,Granada,2505
457000.00133991544,4092000.001753737,23030,18_2506_xx_NN_xx,ifn3,18,Granada,2506
469000.0013309964,4092000.0017491286,23030,18_2507_xx_NN_xx,ifn3,18,Granada,2507
480000.0013228629,4092000.0017449306,23030,18_2508_xx_NN_xx,ifn3,18,Granada,2508
455000.00134178804,4091000.001755243,23030,18_2509_xx_NN_xx,ifn3,18,Granada,2509
477000.00132545695,4091000.001746805,23030,18_2510_xx_NN_xx,ifn3,18,Granada,2510
481000.00132250495,4091000.0017452803,23030,18_2511_xx_NN_xx,ifn3,18,Granada,2511
458000.00133993267,4090000.0017548203,23030,18_2513_xx_NN_xx,ifn3,18,Granada,2513
464000.0013354685,4090000.0017525167,23030,18_2514_xx_NN_xx,ifn3,18,Granada,2514
465000.0013347253,4090000.001752132,23030,18_2515_xx_NN_xx,ifn3,18,Granada,2515
455000.0013425508,4089000.0017567105,23030,18_2516_xx_NN_xx,ifn3,18,Granada,2516
457000.00134105934,4089000.001755941,23030,18_2517_xx_NN_xx,ifn3,18,Granada,2517
456000.00134218636,4088000.0017570592,23030,18_2519_xx_NN_xx,ifn3,18,Granada,2519
466000.0013347443,4088000.0017532147,23030,18_2520_xx_NN_xx,ifn3,18,Granada,2520
461000.0013388423,4087000.00175587,23030,18_2521_xx_NN_xx,ifn3,18,Granada,2521
468000.0013336405,4087000.001753181,23030,18_2522_xx_NN_xx,ifn3,18,Granada,2522
484000.0013187781,4095000.0017412095,23030,18_2538_xx_NN_xx,ifn3,18,Granada,2538
485000.0013180422,4095000.001740828,23030,18_2539_xx_NN_xx,ifn3,18,Granada,2539
485000.0013191792,4092000.001743024,23030,18_2541_xx_NN_xx,ifn3,18,Granada,2541
