"Estadillo";"Cla";"Subclase";"CoorX";"Coory"
1;"A";"4";538000;4215000
2;"A";"1";538960;4215006
3;"A";"1";536931;4214021
4;"A";"1";537924;4213953
5;"A";"1";539000;4214000
6;"A";"1";539977;4213991
7;"A";"1";535991;4213011
8;"A";"1";540000;4213000
9;"A";"1";540966;4212962
10;"A";"1";541963;4213001
11;"A";"4";536000;4212000
12;"A";"1";537000;4212000
13;"A";"1";537963;4211990
14;"A";"4";539000;4212000
15;"A";"1";540971;4212022
16;"A";"1";541996;4212032
17;"A";"1";537000;4211000
18;"A";"4";538000;4211000
19;"A";"1";538954;4210977
20;"A";"1";539956;4210980
21;"A";"1";535980;4209964
23;"A";"4";540000;4210000
24;"A";"1";543000;4213000
25;"A";"1";542995;4211959
26;"A";"4";544000;4212000
27;"A";"1";544969;4211951
28;"A";"3C";545990;4211975
28;"A";"3E";546011;4212011
29;"A";"1";543997;4210953
30;"A";"1";546969;4210973
31;"A";"1";548978;4210930
32;"A";"4";545000;4210000
33;"A";"1";548991;4209956
34;"A";"1";549942;4209976
35;"A";"1";545987;4208953
37;"A";"3C";551009;4208959
37;"A";"3E";551005;4209008
38;"A";"4C";552000;4209000
39;"A";"4";553000;4209000
41;"A";"1";544992;4207918
42;"A";"1";547009;4207965
43;"A";"1";547972;4207948
44;"A";"1";553003;4207978
45;"A";"1";554026;4207969
46;"A";"1";556005;4207980
47;"A";"1";556988;4207984
48;"A";"1";558021;4207994
49;"A";"1";559007;4207995
53;"A";"1";547000;4207000
54;"A";"1";548977;4206946
55;"A";"1";554048;4206969
56;"A";"1";555046;4206969
58;"A";"1";540994;4206004
59;"A";"4";0;0
60;"A";"1";535029;4205002
61;"A";"1";536003;4204996
64;"A";"4";539000;4205000
65;"A";"1";540006;4205009
67;"A";"1";541963;4205005
71;"A";"4";535956;4203992
72;"A";"4";539000;4204000
73;"A";"4";0;0
75;"A";"1";539992;4202991
77;"A";"3C";530032;4201946
77;"A";"3E";530000;4202000
78;"A";"1";531007;4201968
79;"A";"3C";532027;4201891
79;"A";"3E";532000;4202000
81;"A";"4";538997;4202004
82;"A";"1";540002;4201943
84;"A";"4C";542000;4202000
85;"A";"1";530003;4201025
86;"A";"1";532985;4201014
87;"A";"1";534032;4200982
88;"A";"4";536001;4200999
89;"A";"1";537048;4200943
91;"A";"1";528987;4199995
92;"A";"1";530005;4200050
93;"A";"4";531000;4200000
94;"A";"1";533008;4199976
95;"A";"1";534997;4199995
96;"A";"1";536026;4200008
97;"A";"1";537046;4199977
98;"A";"1";538999;4200000
99;"A";"1";540956;4200016
100;"A";"1";541990;4200024
103;"A";"1";530964;4199065
104;"A";"1";534026;4198977
105;"A";"1";535026;4199029
106;"A";"1";537999;4199000
107;"A";"1";540005;4199010
111;"A";"3C";528974;4197981
111;"A";"3E";529021;4198000
112;"A";"1";534025;4198024
113;"A";"1";539001;4198005
114;"A";"3C";539961;4197979
114;"A";"3E";540008;4198010
115;"A";"3C";541982;4197955
115;"A";"3E";541990;4198029
119;"A";"1";528016;4197037
120;"A";"1";530035;4196957
121;"A";"1";530983;4196987
122;"A";"3C";532037;4197027
122;"A";"3E";0;0
123;"A";"1";533996;4196956
124;"A";"4";535000;4197000
125;"A";"1";536006;4196967
126;"A";"4";537000;4197002
127;"A";"1";538939;4196992
132;"A";"1";523976;4196031
134;"A";"1";526911;4196077
135;"A";"1";527992;4196016
136;"A";"1";530982;4196009
137;"A";"1";536045;4196047
141;"A";"1";523000;4195000
143;"A";"4";0;0
145;"A";"1";534002;4195039
148;"A";"1";519972;4193981
151;"A";"1";527968;4193958
152;"A";"1";528978;4193994
154;"A";"1";540968;4193994
155;"A";"1";542046;4193958
158;"A";"4C";522000;4193000
160;"A";"1";525981;4193001
161;"A";"1";526995;4192966
162;"A";"1";527964;4192973
163;"A";"1";528983;4192979
165;"A";"1";520973;4192017
166;"A";"3C";521926;4192080
166;"A";"3E";521991;4191980
168;"A";"3C";525010;4192014
168;"A";"3E";524973;4191999
169;"A";"1";527000;4192000
170;"A";"1";531983;4192022
171;"A";"3C";540000;4192000
171;"A";"3E";540014;4192013
175;"A";"1";525032;4191032
176;"A";"1";526000;4190986
177;"A";"1";526960;4191016
178;"A";"1";527962;4191024
179;"A";"4";0;0
180;"A";"1";538966;4191003
181;"A";"1";540997;4190961
184;"A";"1";519955;4189992
185;"A";"4";0;0
186;"A";"3C";524011;4190017
186;"A";"3E";524014;4189980
187;"A";"1";528015;4190024
188;"A";"1";528973;4190009
189;"A";"4";540000;4190000
190;"A";"4";540999;4190001
192;"A";"1";518993;4188960
193;"A";"4";519981;4189003
194;"A";"1";520978;4188986
195;"A";"3C";521952;4188964
195;"A";"3E";521997;4189010
196;"A";"3C";522888;4188940
196;"A";"3E";523000;4189000
197;"A";"1";523983;4188999
198;"A";"4C";526010;4188963
199;"A";"1";526966;4189024
202;"A";"1";538958;4188971
203;"A";"1";515950;4187926
204;"A";"1";516926;4187939
205;"A";"4";518000;4188000
206;"A";"1";518969;4187919
207;"A";"1";520967;4187952
208;"A";"1";521949;4187963
209;"A";"1";526963;4187989
210;"A";"3C";527938;4187978
210;"A";"3E";528000;4188000
212;"A";"1";536955;4187917
214;"A";"1";539000;4188000
215;"A";"1";540015;4187918
216;"A";"1";542935;4205980
217;"A";"1";554974;4205981
218;"A";"3C";560964;4206045
218;"A";"3E";560994;4205999
219;"A";"1";543000;4205000
221;"A";"1";544908;4205016
222;"A";"1";545941;4205018
224;"A";"1";554949;4205022
225;"A";"3C";552960;4204019
225;"A";"3E";0;0
227;"A";"1";545970;4202996
229;"A";"1";554982;4203001
230;"A";"3C";543931;4202018
230;"A";"3E";543993;4202001
231;"A";"1";553900;4202049
232;"A";"1";554987;4202017
233;"A";"1";542948;4201004
234;"A";"1";544972;4200967
236;"A";"1";553956;4201034
237;"A";"1";542914;4199983
238;"A";"1";543933;4199973
239;"A";"1";545891;4199999
242;"A";"1";548943;4199999
243;"A";"1";543943;4198994
244;"A";"1";544978;4199003
247;"A";"1";564980;4198965
248;"A";"3C";542932;4198024
248;"A";"3E";542996;4198002
249;"A";"4";544996;4198002
251;"A";"1";547918;4197978
253;"A";"4";543000;4197003
254;"A";"1";543831;4196985
255;"A";"1";545906;4196936
256;"A";"4";544003;4195996
257;"A";"1";546948;4195973
258;"A";"1";547968;4195974
261;"A";"1";546909;4193981
262;"A";"4C";547999;4194003
263;"A";"1";542920;4192966
264;"A";"1";546859;4192945
265;"A";"1";547915;4192955
266;"A";"1";544933;4190935
267;"A";"4C";545988;4191014
271;"A";"1";544941;4188983
274;"A";"3C";544942;4187965
274;"A";"3E";545000;4188000
280;"A";"4";510000;4170000
282;"A";"4";515000;4187000
283;"A";"1";519903;4187062
284;"A";"1";520991;4187008
285;"A";"1";524976;4186999
287;"A";"1";536983;4186999
288;"A";"1";539009;4187003
289;"A";"1";516964;4186046
290;"A";"1";517940;4186043
294;"A";"4";519000;4185000
296;"A";"1";527987;4185004
300;"A";"1";525941;4183969
301;"A";"1";515934;4183006
302;"A";"1";529020;4183021
303;"A";"1";514976;4181992
305;"A";"1";524980;4181990
306;"A";"1";527994;4181978
307;"A";"1";528989;4181958
308;"A";"1";525982;4180984
309;"A";"1";528002;4181002
310;"A";"1";530014;4180988
311;"A";"1";531012;4180988
312;"A";"1";514968;4180027
313;"A";"1";524992;4179985
314;"A";"1";525978;4179974
315;"A";"1";526986;4180000
316;"A";"1";528988;4179985
317;"A";"1";523986;4178970
318;"A";"1";524980;4178993
320;"A";"1";513981;4178010
324;"A";"1";525971;4176999
327;"A";"1";523997;4175000
328;"A";"1";516000;4173982
330;"A";"1";523990;4173969
331;"A";"1";522984;4172988
333;"A";"1";516008;4171949
335;"A";"1";521007;4171981
336;"A";"1";523006;4171990
337;"A";"1";514990;4171024
338;"A";"1";515991;4170947
339;"A";"4";516982;4171018
340;"A";"1";545020;4175001
341;"A";"1";549000;4175000
342;"A";"1";549007;4173993
343;"A";"1";548007;4172017
345;"A";"4C";548000;4171000
346;"A";"1";550000;4171000
347;"A";"1";551000;4171000
348;"A";"1";552000;4171000
349;"A";"1";543994;4169985
351;"A";"4C";551000;4170000
352;"A";"1";552012;4170002
353;"A";"4C";452000;4159000
356;"A";"1";481983;4150931
357;"A";"3C";482989;4150920
357;"A";"3E";483000;4151000
358;"A";"1";509999;4168982
359;"A";"1";510934;4168005
360;"A";"1";511972;4167957
361;"A";"1";509954;4166982
362;"A";"1";510938;4166994
363;"A";"1";511970;4166994
364;"A";"1";510954;4165010
365;"A";"1";511930;4164967
368;"A";"1";510991;4163951
371;"A";"1";511949;4162971
372;"A";"1";510989;4161954
379;"A";"1";511994;4160950
381;"A";"4";499000;4159992
384;"A";"1";509963;4159974
391;"A";"1";484996;4157993
399;"A";"1";487996;4153980
400;"A";"1";485031;4152995
407;"A";"1";487000;4151000
410;"A";"1";503944;4151008
411;"A";"1";504946;4151002
416;"A";"1";515971;4168012
418;"A";"3C";514947;4167002
418;"A";"3E";515005;4166975
423;"A";"1";514994;4164990
428;"A";"1";517990;4160950
429;"A";"1";515945;4158991
430;"A";"4";540000;4158025
431;"A";"1";542011;4157978
432;"A";"1";540000;4157022
435;"A";"1";540993;4153931
437;"A";"1";538981;4152966
438;"A";"1";539967;4152966
439;"A";"4";541000;4153000
440;"A";"4";542000;4153000
441;"A";"4";540015;4152000
444;"A";"4C";544000;4169000
445;"A";"4";546000;4169000
446;"A";"4";0;0
447;"A";"4";551000;4169000
448;"A";"3C";552014;4168960
448;"A";"3E";552000;4169000
449;"A";"3C";557908;4169034
449;"A";"3E";558000;4169000
451;"A";"1";542947;4168005
452;"A";"1";544077;4167989
453;"A";"1";545085;4167970
454;"A";"1";545990;4167999
457;"A";"1";551013;4167962
458;"A";"1";551991;4167940
459;"A";"1";554001;4168004
460;"A";"1";554993;4168000
461;"A";"1";556000;4168000
462;"A";"4C";558000;4168000
463;"A";"4C";545000;4167000
465;"A";"4";548000;4167000
467;"A";"1";549961;4166991
468;"A";"4";553000;4167000
469;"A";"1";555015;4167006
470;"A";"4";556000;4167000
471;"A";"1";557005;4166996
473;"A";"1";545981;4165977
474;"A";"1";548963;4165966
475;"A";"1";550977;4165986
476;"A";"1";551979;4165991
477;"A";"1";554011;4165967
478;"A";"4";557000;4166000
479;"A";"4C";558000;4166000
480;"A";"4";559000;4166000
481;"A";"4";545000;4165000
483;"A";"4";548000;4165000
484;"A";"1";550009;4164981
487;"A";"4";556000;4165000
488;"A";"4";560000;4165000
489;"A";"4";555000;4160000
491;"A";"3C";550955;4158003
491;"A";"3E";0;0
492;"A";"3C";551958;4157995
492;"A";"3E";552020;4157986
493;"A";"1";552969;4158014
494;"A";"4";554000;4158000
496;"A";"4";552000;4157000
497;"A";"1";555000;4157000
498;"A";"1";553988;4156005
500;"A";"1";542939;4153998
502;"A";"1";549937;4154005
504;"A";"1";554010;4153993
505;"A";"4";556000;4154000
506;"A";"1";544992;4152987
508;"A";"4";547000;4153000
509;"A";"1";549018;4152988
510;"A";"1";549968;4153007
511;"A";"1";552990;4153002
513;"A";"4";546002;4152009
514;"A";"4";546991;4152006
515;"A";"1";547991;4151972
516;"A";"1";543959;4150994
518;"A";"3C";423015;4134999
518;"A";"3E";422922;4134970
519;"A";"1";437981;4149973
524;"A";"1";432982;4147984
525;"A";"1";433937;4147969
526;"A";"1";435991;4147958
529;"A";"1";432000;4146000
530;"A";"1";433000;4146000
532;"A";"1";437988;4146010
534;"A";"1";434990;4145006
535;"A";"1";430970;4143994
536;"A";"1";435989;4143975
538;"A";"4";449000;4144000
539;"A";"1";449939;4144004
540;"A";"4C";450000;4143000
541;"A";"1";428960;4142005
542;"A";"4";443996;4142016
543;"A";"4C";446000;4142000
546;"A";"1";434000;4140000
547;"A";"1";445986;4140029
548;"A";"1";447997;4140018
549;"A";"1";434000;4139000
550;"A";"1";442999;4138993
551;"A";"1";447976;4139002
554;"A";"4";436000;4138000
556;"A";"3C";442975;4138021
556;"A";"3E";0;0
557;"A";"1";434000;4137000
558;"A";"1";432969;4136016
559;"A";"1";433969;4135994
560;"A";"3C";439955;4136031
560;"A";"3E";439985;4135982
562;"A";"1";442973;4136003
564;"A";"1";431941;4135030
565;"A";"1";432979;4135004
567;"A";"4C";443000;4135000
569;"A";"4";433000;4134000
570;"A";"1";434975;4133990
572;"A";"1";440986;4134018
573;"A";"1";451978;4133997
577;"A";"1";452995;4133000
580;"A";"1";455004;4146014
583;"A";"1";458975;4140001
584;"A";"1";460000;4140000
585;"A";"3C";457016;4138990
585;"A";"3E";0;0
586;"A";"1";468984;4138939
587;"A";"4";459000;4138000
588;"A";"1";462000;4138000
589;"A";"1";463971;4137999
590;"A";"1";464990;4137997
591;"A";"4";468000;4138000
592;"A";"1";469000;4138000
593;"A";"1";470000;4138000
594;"A";"1";454991;4136964
595;"A";"1";455986;4136950
596;"A";"1";456995;4136962
597;"A";"1";457991;4136986
598;"A";"1";458978;4136995
599;"A";"1";459999;4136993
600;"A";"3C";462977;4136995
600;"A";"3E";463007;4137002
601;"A";"1";463950;4136980
602;"A";"1";470018;4136941
604;"A";"1";457953;4136026
605;"A";"3C";460947;4135982
605;"A";"3E";461000;4136000
606;"A";"1";462001;4135999
607;"A";"1";462970;4135985
608;"A";"4";470000;4136000
609;"A";"1";470957;4135978
610;"A";"4";454000;4135000
612;"A";"1";459989;4134975
613;"A";"1";460981;4134982
614;"A";"1";462000;4135000
615;"A";"1";463959;4134983
616;"A";"1";453975;4134011
617;"A";"1";455978;4133967
618;"A";"1";456981;4133958
619;"A";"3C";457991;4133981
619;"A";"3E";457985;4134018
620;"A";"1";458985;4133952
621;"A";"1";460000;4134000
623;"A";"1";465983;4133001
625;"A";"1";485958;4149993
632;"A";"1";502989;4149061
635;"A";"1";500975;4148042
640;"A";"1";501999;4147048
641;"A";"1";502976;4147054
642;"A";"1";505968;4147053
644;"A";"1";502000;4146000
646;"A";"1";512006;4145983
649;"A";"1";511943;4145040
650;"A";"1";510995;4144013
651;"A";"1";512008;4143030
653;"A";"1";508016;4141992
654;"A";"1";509990;4142019
655;"A";"1";511006;4142042
656;"A";"1";512057;4142020
657;"A";"1";513013;4141981
659;"A";"3C";508989;4141079
659;"A";"3E";508978;4140991
660;"A";"3C";509985;4141057
660;"A";"3E";510000;4141000
661;"A";"1";510979;4141008
662;"A";"1";512984;4141015
663;"A";"1";511987;4138989
664;"A";"1";513021;4138986
667;"A";"1";509989;4138002
668;"A";"1";512993;4138018
669;"A";"1";509904;4136915
670;"A";"1";510985;4136993
672;"A";"1";511013;4136121
673;"A";"1";511983;4136055
674;"A";"1";512993;4136065
680;"A";"4";503002;4133000
682;"A";"1";539978;4148996
683;"A";"1";540979;4147973
684;"A";"4";542000;4148000
685;"A";"1";514000;4147000
686;"A";"1";514978;4147032
689;"A";"1";538941;4146988
690;"A";"1";540954;4147006
691;"A";"1";512982;4146021
692;"A";"1";514979;4146015
693;"A";"1";517003;4146011
695;"A";"1";538992;4146009
696;"A";"1";514002;4144999
697;"A";"1";515973;4145018
698;"A";"1";516987;4145019
699;"A";"1";517950;4144995
701;"A";"1";513964;4144049
702;"A";"1";514978;4144025
703;"A";"1";515992;4144026
704;"A";"1";518000;4144000
707;"A";"1";514986;4143032
708;"A";"1";513994;4141963
709;"A";"1";516010;4141995
710;"A";"1";516998;4141994
711;"A";"1";516036;4141021
712;"A";"1";521013;4140992
713;"A";"3C";513961;4140078
713;"A";"3E";514000;4140000
714;"A";"1";515006;4140026
715;"A";"1";516995;4140012
716;"A";"1";518026;4140004
717;"A";"1";514975;4139004
718;"A";"1";516022;4138969
719;"A";"1";516992;4138982
721;"A";"1";514024;4137990
729;"A";"1";521040;4137006
730;"A";"1";522010;4136991
733;"A";"1";516975;4136042
734;"A";"1";518995;4136001
735;"A";"1";520024;4136013
736;"A";"1";520961;4136029
737;"A";"1";525018;4136017
738;"A";"4C";526000;4136000
740;"A";"1";513960;4135108
742;"A";"1";516998;4135041
743;"A";"1";518028;4135040
744;"A";"1";520043;4135044
745;"A";"4C";524000;4135000
748;"A";"4";514000;4134000
749;"A";"1";514987;4134042
750;"A";"3C";518016;4134087
750;"A";"3E";518000;4134000
751;"A";"1";519006;4134034
752;"A";"1";521048;4134036
753;"A";"4C";522000;4134000
754;"A";"4C";525016;4134000
755;"A";"1";514926;4133013
756;"A";"1";518983;4133015
757;"A";"1";520034;4133027
758;"A";"1";521034;4133036
759;"A";"1";522029;4133041
760;"A";"1";523043;4133044
762;"A";"1";525040;4133069
763;"A";"4C";526000;4133000
764;"A";"3C";542963;4150000
764;"A";"3E";543000;4150000
766;"A";"3C";545974;4150008
766;"A";"3E";546000;4149975
767;"A";"1";543994;4148993
769;"A";"1";386999;4117017
770;"A";"1";385998;4115989
771;"A";"3C";389005;4116001
771;"A";"3E";388997;4116003
772;"A";"3C";386987;4114981
772;"A";"3E";386980;4115013
775;"A";"1";418948;4132007
776;"A";"1";401047;4130963
777;"A";"1";402993;4130016
780;"A";"1";406993;4129021
784;"A";"3C";405005;4128021
784;"A";"3E";405000;4128000
787;"A";"4";0;0
790;"A";"3C";418983;4127977
790;"A";"3E";419005;4128008
792;"A";"3C";408988;4127035
792;"A";"3E";409000;4127000
794;"A";"3C";417017;4127032
794;"A";"3E";417000;4127000
795;"A";"3C";404998;4126023
795;"A";"3E";405016;4125984
797;"A";"3C";418938;4125984
797;"A";"3E";419000;4126000
798;"A";"1";420945;4123992
799;"A";"1";394973;4123056
801;"A";"1";401997;4118979
802;"A";"4C";413000;4119000
810;"A";"1";427928;4131037
812;"A";"4";0;0
813;"A";"1";451993;4124986
814;"A";"1";453023;4125012
816;"A";"1";452986;4124012
817;"A";"3C";435011;4123005
817;"A";"3E";0;0
818;"A";"3C";439012;4123023
818;"A";"3E";439000;4123000
820;"A";"1";452004;4122046
822;"A";"6C";428980;4120976
824;"A";"1";453000;4121026
825;"A";"1";451989;4120011
826;"A";"6C";428000;4119000
827;"A";"6C";430000;4119000
828;"A";"6C";431000;4119000
829;"A";"6C";434000;4119000
830;"A";"6C";436000;4119000
832;"A";"6C";425000;4118000
833;"A";"6C";435000;4118000
834;"A";"6C";436000;4118000
841;"A";"4";450000;4115000
843;"A";"4C";450000;4114000
851;"A";"1";459003;4129972
852;"A";"1";465002;4130025
853;"A";"1";474990;4129986
854;"A";"1";475986;4129965
855;"A";"3C";458949;4128950
855;"A";"3E";458984;4129019
856;"A";"1";459994;4128954
858;"A";"4";464000;4129000
859;"A";"4";466000;4129000
860;"A";"3C";473923;4128966
860;"A";"3E";474000;4129000
861;"A";"1";455953;4128034
862;"A";"1";457980;4127983
863;"A";"1";462932;4127981
864;"A";"1";463915;4128000
865;"A";"4";465000;4128000
866;"A";"3C";466979;4127998
866;"A";"3E";466989;4128020
867;"A";"1";468000;4128000
869;"A";"1";470994;4127974
870;"A";"1";475931;4127962
873;"A";"4";454000;4127000
875;"A";"4";457000;4127000
877;"A";"1";458987;4126985
878;"A";"1";459983;4127004
879;"A";"1";461024;4127000
880;"A";"1";461966;4126992
881;"A";"4C";463000;4127000
882;"A";"1";464987;4126976
883;"A";"1";465977;4126998
886;"A";"1";469987;4126992
888;"A";"4C";476000;4127000
889;"A";"1";453959;4126005
890;"A";"1";455016;4125986
891;"A";"1";455989;4125983
892;"A";"1";456953;4126015
893;"A";"3C";458990;4125962
893;"A";"3E";459000;4126000
896;"A";"1";461976;4125983
897;"A";"1";463951;4125954
902;"A";"1";478961;4125976
906;"A";"1";463018;4124960
907;"A";"1";463989;4124972
912;"A";"1";470998;4125007
914;"A";"1";480971;4124999
916;"A";"1";454045;4123991
918;"A";"1";456983;4123999
920;"A";"4";461000;4124000
921;"A";"1";461976;4123950
922;"A";"1";463011;4123954
925;"A";"1";468975;4123971
926;"A";"1";470000;4124000
927;"A";"4";471000;4124000
930;"A";"3C";474960;4123938
930;"A";"3E";474973;4124033
932;"A";"3C";480979;4123979
932;"A";"3E";481002;4124000
933;"A";"1";454024;4122997
934;"A";"4";455000;4123000
935;"A";"1";455953;4123027
936;"A";"1";457011;4122978
937;"A";"1";458965;4122935
938;"A";"1";459957;4122949
939;"A";"1";463963;4122952
943;"A";"4";472000;4123000
950;"A";"1";465000;4122000
951;"A";"4";466000;4122000
952;"A";"1";467996;4122032
953;"A";"1";469038;4122027
954;"A";"1";470998;4121952
955;"A";"1";472998;4121977
956;"A";"1";474987;4121978
957;"A";"1";476000;4122000
958;"A";"1";453954;4121014
959;"A";"1";454988;4121030
960;"A";"1";456982;4121023
962;"A";"1";461011;4120982
967;"A";"1";468962;4121014
970;"A";"1";471980;4120959
971;"A";"1";473002;4120966
972;"A";"4";474000;4121000
973;"A";"1";477010;4120955
975;"A";"4";460992;4119990
977;"A";"4";463955;4119999
980;"A";"1";473981;4119945
981;"A";"1";482013;4119976
983;"A";"1";462973;4118955
985;"A";"3C";464999;4118975
985;"A";"3E";465000;4119000
987;"A";"4C";477019;4118978
988;"A";"4";483000;4119000
990;"A";"1";483000;4118000
993;"A";"1";481968;4116030
994;"A";"1";482987;4116068
997;"A";"1";479971;4115051
998;"A";"1";481931;4115023
1000;"A";"4";480000;4114000
1001;"A";"1";480944;4114022
1008;"A";"1";484003;4130967
1015;"A";"3C";504949;4130999
1015;"A";"3E";504962;4130960
1016;"A";"1";506975;4130998
1018;"A";"1";512945;4130996
1019;"A";"1";485012;4129959
1020;"A";"1";489995;4129957
1021;"A";"4";508000;4130000
1022;"A";"3C";509927;4130001
1022;"A";"3E";509968;4129977
1028;"A";"3C";510974;4129000
1028;"A";"3E";510980;4128985
1029;"A";"1";511939;4129002
1031;"A";"3C";507920;4127961
1031;"A";"3E";507986;4128000
1032;"A";"4";509000;4128000
1033;"A";"1";509947;4127993
1035;"A";"1";509989;4126997
1036;"A";"3C";510988;4126961
1036;"A";"3E";511000;4126999
1038;"A";"3C";512942;4127001
1038;"A";"3E";513000;4127000
1039;"A";"4";489000;4126000
1040;"A";"1";490977;4125947
1042;"A";"1";511000;4126000
1044;"A";"1";508988;4124986
1045;"A";"1";510000;4124989
1046;"A";"1";489973;4123968
1047;"A";"1";492001;4123968
1048;"A";"1";492983;4123961
1049;"A";"1";510000;4124000
1050;"A";"1";510979;4124012
1051;"A";"1";512000;4124000
1053;"A";"1";511000;4123000
1054;"A";"1";512000;4123000
1055;"A";"1";490993;4121968
1059;"A";"3C";488994;4118945
1059;"A";"3E";0;0
1060;"A";"3C";483990;4117942
1060;"A";"3E";484012;4118004
1061;"A";"1";485979;4117976
1062;"A";"1";485003;4116992
1063;"A";"3C";483951;4116044
1063;"A";"3E";484000;4116000
1065;"A";"4";489000;4116000
1066;"A";"1";483969;4115021
1067;"A";"4";486000;4114005
1068;"A";"1";489994;4114028
1069;"A";"1";491014;4113972
1070;"A";"4";492000;4114000
1071;"A";"1";495991;4113995
1073;"A";"1";518073;4131994
1074;"A";"1";520059;4132029
1075;"A";"1";521015;4132015
1079;"A";"1";516011;4131015
1080;"A";"1";517019;4131005
1082;"A";"1";519000;4131000
1083;"A";"1";522029;4130984
1087;"A";"1";526023;4131000
1088;"A";"1";528031;4131023
1090;"A";"1";515045;4130045
1091;"A";"3C";516051;4130021
1091;"A";"3E";516000;4130000
1092;"A";"3C";517022;4129992
1092;"A";"3E";516969;4129992
1093;"A";"1";519000;4130000
1094;"A";"1";520069;4130014
1095;"A";"3C";521067;4130025
1095;"A";"3E";521000;4130000
1096;"A";"1";523061;4130004
1097;"A";"1";524033;4130041
1098;"A";"1";526053;4130030
1099;"A";"1";527001;4130024
1102;"A";"3C";530058;4130018
1102;"A";"3E";530000;4130000
1105;"A";"3C";518061;4128995
1105;"A";"3E";517982;4128979
1106;"A";"1";520029;4129013
1107;"A";"1";521072;4128999
1109;"A";"1";525017;4128984
1110;"A";"1";514066;4128018
1111;"A";"1";515051;4128005
1112;"A";"1";516060;4128021
1113;"A";"3C";517058;4127924
1113;"A";"3E";516974;4127994
1114;"A";"1";518085;4127952
1115;"A";"1";519073;4127991
1116;"A";"1";522053;4127988
1117;"A";"1";523057;4128039
1118;"A";"4";523996;4127957
1119;"A";"3C";525042;4127985
1119;"A";"3E";525000;4128000
1120;"A";"1";526030;4128040
1121;"A";"4";516000;4127000
1122;"A";"1";516981;4127003
1123;"A";"1";518989;4127036
1124;"A";"3C";519954;4127046
1124;"A";"3E";520000;4127002
1125;"A";"3C";520961;4127081
1125;"A";"3E";521000;4127000
1126;"A";"1";522971;4126990
1127;"A";"1";524041;4127025
1129;"A";"1";519925;4126071
1130;"A";"1";520961;4126058
1131;"A";"1";522047;4126013
1132;"A";"1";525031;4126031
1133;"A";"1";526069;4126023
1134;"A";"1";517020;4125003
1135;"A";"1";517997;4124992
1136;"A";"1";519049;4125022
1137;"A";"1";522012;4125026
1138;"A";"1";519961;4124031
1139;"A";"1";520992;4124001
1140;"A";"1";525024;4123049
1141;"A";"1";383976;4113976
1142;"A";"1";384983;4113976
1143;"A";"1";385985;4113983
1144;"A";"1";386985;4113988
1145;"A";"1";387980;4113988
1146;"A";"1";388980;4114013
1147;"A";"1";389998;4114000
1148;"A";"3C";385969;4108026
1148;"A";"3E";385994;4108005
1149;"A";"1";390941;4102043
1151;"A";"1";390929;4099977
1152;"A";"1";391939;4098992
1153;"A";"1";389936;4097993
1154;"A";"1";391988;4098008
1155;"A";"1";391933;4096899
1156;"A";"1";393979;4096014
1158;"A";"1";411971;4113008
1161;"A";"1";408007;4103011
1162;"A";"4";0;0
1165;"A";"1";406025;4098968
1169;"A";"1";404068;4096993
1171;"A";"1";403108;4096046
1173;"A";"1";452013;4112024
1176;"A";"3C";449006;4108007
1176;"A";"3E";448982;4107975
1177;"A";"1";451018;4107993
1180;"A";"1";450005;4107001
1181;"A";"1";451030;4106995
1182;"A";"1";452023;4107004
1184;"A";"3C";452004;4106021
1184;"A";"3E";451997;4105976
1187;"A";"1";452967;4103032
1188;"A";"1";449950;4102035
1189;"A";"1";450943;4102072
1191;"A";"4";444000;4101000
1193;"A";"1";450022;4101013
1196;"A";"1";444954;4100006
1197;"A";"1";445978;4100014
1200;"A";"3C";449040;4100026
1200;"A";"3E";448973;4099989
1201;"A";"1";451062;4100060
1202;"A";"4";453005;4100014
1203;"A";"1";430001;4099063
1204;"A";"1";446031;4099020
1205;"A";"4C";447000;4099000
1206;"A";"1";448006;4099075
1207;"A";"1";449061;4099058
1208;"A";"1";432975;4098047
1211;"A";"1";433963;4097031
1214;"A";"1";433973;4096038
1216;"A";"1";452035;4095950
1219;"A";"1";480944;4113032
1220;"A";"1";481962;4112999
1221;"A";"1";453958;4112003
1222;"A";"1";461918;4112021
1223;"A";"1";481960;4112013
1224;"A";"3C";458940;4110973
1224;"A";"3E";459007;4111014
1225;"A";"1";460967;4110977
1226;"A";"1";461965;4110995
1228;"A";"1";480969;4111018
1229;"A";"1";482992;4111036
1230;"A";"1";459919;4110005
1231;"A";"4";463033;4110006
1232;"A";"3C";463993;4109987
1232;"A";"3E";463977;4110032
1233;"A";"1";464957;4110041
1234;"A";"4";465977;4109989
1235;"A";"1";481000;4110000
1236;"A";"1";481975;4110003
1237;"A";"3C";483046;4109917
1237;"A";"3E";483000;4110000
1238;"A";"1";460936;4109012
1239;"A";"1";462951;4108980
1240;"A";"1";464002;4109002
1241;"A";"4";468000;4108997
1242;"A";"4";0;0
1244;"A";"1";453909;4108045
1245;"A";"3C";454920;4108033
1245;"A";"3E";455027;4108003
1246;"A";"1";455956;4107990
1247;"A";"3C";456921;4107994
1247;"A";"3E";457011;4107967
1248;"A";"1";458037;4107959
1249;"A";"1";458947;4108016
1251;"A";"1";465000;4108000
1252;"A";"1";469020;4108021
1253;"A";"1";469992;4108076
1254;"A";"1";482944;4107974
1255;"A";"1";459986;4107023
1256;"A";"1";460963;4107028
1260;"A";"1";454940;4106126
1263;"A";"1";460954;4106069
1264;"A";"1";461915;4106054
1265;"A";"4";464000;4106000
1268;"A";"1";453857;4105063
1269;"A";"1";454913;4105024
1270;"A";"1";455963;4105031
1271;"A";"1";456899;4105038
1272;"A";"3C";457966;4105016
1272;"A";"3E";457981;4104974
1273;"A";"1";458961;4104990
1275;"A";"4";0;0
1276;"A";"1";457951;4103983
1279;"A";"1";454923;4102054
1280;"A";"1";455882;4102110
1285;"A";"4";457000;4099000
1288;"A";"1";453928;4097945
1289;"A";"1";479045;4098040
1290;"A";"1";480883;4097977
1296;"A";"1";455018;4095951
1297;"A";"1";455993;4096001
1298;"A";"1";456976;4095881
1299;"A";"1";479836;4095958
1302;"A";"1";485945;4112984
1303;"A";"4";487000;4113000
1304;"A";"4";491000;4113000
1305;"A";"1";491935;4112961
1306;"A";"1";494869;4112999
1307;"A";"1";495906;4112959
1309;"A";"1";483986;4112010
1310;"A";"4";485000;4112000
1311;"A";"1";486945;4111995
1312;"A";"1";487942;4111972
1313;"A";"1";488925;4111975
1314;"A";"1";489952;4111969
1315;"A";"1";494906;4111956
1316;"A";"1";495935;4111928
1318;"A";"1";498925;4111959
1319;"A";"1";499886;4111936
1320;"A";"1";500954;4111942
1321;"A";"3C";501936;4111940
1321;"A";"3E";502008;4112008
1322;"A";"1";502902;4111975
1323;"A";"3C";503913;4111966
1323;"A";"3E";504000;4112000
1324;"A";"1";484940;4110965
1325;"A";"1";485919;4110939
1326;"A";"3C";487914;4110963
1326;"A";"3E";488000;4111000
1327;"A";"3C";488940;4110950
1327;"A";"3E";489000;4111000
1328;"A";"3C";489924;4110958
1328;"A";"3E";489966;4110968
1329;"A";"1";490923;4110957
1330;"A";"3C";491919;4110939
1330;"A";"3E";492000;4111000
1331;"A";"4";493000;4111000
1332;"A";"1";493926;4110975
1333;"A";"1";496937;4110950
1334;"A";"1";497893;4110955
1335;"A";"4";501000;4111000
1336;"A";"1";501980;4111010
1337;"A";"1";503000;4111000
1338;"A";"1";504968;4111003
1339;"A";"1";505971;4111012
1340;"A";"1";483980;4109993
1341;"A";"1";485920;4109975
1342;"A";"1";486922;4109984
1343;"A";"4C";491000;4110000
1344;"A";"1";491948;4109981
1345;"A";"1";492936;4109954
1346;"A";"3C";493945;4109936
1346;"A";"3E";494000;4110000
1347;"A";"4";495000;4110000
1348;"A";"1";495946;4109979
1349;"A";"1";496932;4109980
1350;"A";"1";498923;4110021
1351;"A";"1";499911;4109980
1352;"A";"3C";504976;4110049
1352;"A";"3E";504990;4110003
1353;"A";"1";483945;4108984
1354;"A";"1";486898;4108995
1355;"A";"3C";487933;4108994
1355;"A";"3E";488000;4109000
1356;"A";"3C";489919;4108934
1356;"A";"3E";490000;4109000
1357;"A";"1";494930;4108928
1358;"A";"1";497920;4109034
1359;"A";"1";499950;4108995
1360;"A";"1";501973;4108968
1361;"A";"1";502920;4108988
1362;"A";"1";503969;4108986
1363;"A";"1";485970;4107965
1364;"A";"3C";487944;4107948
1364;"A";"3E";487983;4108021
1365;"A";"1";491911;4107964
1366;"A";"1";492862;4107950
1367;"A";"1";493944;4107946
1368;"A";"1";501940;4107976
1370;"A";"1";503952;4107970
1372;"A";"1";493944;4106993
1373;"A";"1";494947;4106972
1376;"A";"3C";497909;4106008
1376;"A";"3E";498000;4106000
1390;"A";"1";498000;4103000
1394;"A";"3C";487943;4101975
1394;"A";"3E";488000;4102000
1395;"A";"1";489000;4102000
1398;"A";"1";497938;4101951
1402;"A";"1";488886;4100975
1406;"A";"3C";488888;4100006
1406;"A";"3E";488980;4100004
1407;"A";"1";490943;4099941
1408;"A";"1";495935;4100032
1411;"A";"3C";488026;4098922
1411;"A";"3E";487979;4099016
1413;"A";"1";486000;4098000
1414;"A";"1";487905;4098051
1416;"A";"1";486000;4097000
1419;"A";"1";484941;4095931
1420;"A";"1";487000;4096000
1421;"A";"1";488000;4096000
1424;"A";"1";403994;4095022
1428;"A";"3C";394890;4093051
1428;"A";"3E";394979;4092981
1429;"A";"3C";395948;4093022
1429;"A";"3E";395993;4093000
1430;"A";"1";409007;4092990
1431;"A";"1";395933;4091885
1432;"A";"1";403981;4092042
1434;"A";"1";397914;4090945
1436;"A";"1";422000;4091000
1437;"A";"1";409994;4089994
1439;"A";"1";415988;4090057
1441;"A";"3C";404998;4089009
1441;"A";"3E";404983;4088992
1442;"A";"1";423000;4089000
1443;"A";"3C";403965;4087956
1443;"A";"3E";403989;4088003
1444;"A";"1";407003;4088026
1445;"A";"1";407957;4087994
1446;"A";"1";408991;4087993
1447;"A";"1";411997;4088004
1448;"A";"1";413978;4088015
1450;"A";"1";404964;4087040
1452;"A";"1";407957;4086996
1453;"A";"3C";408933;4086920
1453;"A";"3E";408996;4086993
1454;"A";"1";409980;4087036
1456;"A";"1";423000;4087000
1459;"A";"1";409929;4085966
1460;"A";"1";410967;4085971
1461;"A";"1";422966;4086009
1464;"A";"3C";408974;4085026
1464;"A";"3E";408989;4084983
1466;"A";"4";421000;4085000
1467;"A";"4";422006;4084977
1469;"A";"1";419968;4083994
1470;"A";"1";421000;4084000
1473;"A";"3C";419988;4083024
1473;"A";"3E";419985;4082997
1474;"A";"4";423000;4083000
1475;"A";"3C";418985;4082040
1475;"A";"3E";419000;4082000
1476;"A";"1";421000;4082027
1477;"A";"3C";421998;4082035
1477;"A";"3E";421991;4081979
1478;"A";"4C";419000;4081000
1479;"A";"4C";420000;4081000
1481;"A";"1";421995;4081086
1482;"A";"1";422958;4081047
1483;"A";"1";422940;4080028
1484;"A";"1";430955;4095016
1485;"A";"1";433995;4094995
1486;"A";"1";434985;4095000
1488;"A";"3C";452981;4094978
1488;"A";"3E";452980;4095006
1491;"A";"1";431000;4094000
1493;"A";"1";434990;4093997
1494;"A";"1";426973;4093008
1495;"A";"1";433004;4092992
1498;"A";"4";435029;4091998
1499;"A";"1";436970;4091966
1500;"A";"1";437984;4091977
1502;"A";"1";432976;4091008
1503;"A";"1";436991;4090982
1511;"A";"4";439000;4089000
1514;"A";"3C";451966;4088993
1514;"A";"3E";452000;4089000
1515;"A";"1";425986;4088008
1516;"A";"1";433986;4087988
1517;"A";"1";435000;4088000
1522;"A";"1";426007;4087043
1523;"A";"1";426975;4087029
1525;"A";"1";428989;4086966
1527;"A";"1";433970;4086988
1528;"A";"1";434976;4086965
1529;"A";"3C";437982;4086985
1529;"A";"3E";438020;4087001
1531;"A";"4";425000;4086000
1532;"A";"1";426955;4086029
1533;"A";"4C";429000;4086000
1534;"A";"3C";429970;4086039
1534;"A";"3E";429984;4085984
1536;"A";"1";431958;4085952
1537;"A";"1";432982;4085939
1538;"A";"1";437000;4086000
1539;"A";"3C";438919;4085933
1539;"A";"3E";439000;4086000
1540;"A";"4";440000;4086000
1541;"A";"1";426000;4085000
1543;"A";"1";429960;4084969
1545;"A";"3C";432987;4084930
1545;"A";"3E";433000;4085000
1546;"A";"4";434007;4085020
1547;"A";"1";434986;4084978
1548;"A";"1";436997;4084977
1549;"A";"1";438005;4084982
1550;"A";"4";439000;4085000
1551;"A";"1";439928;4084981
1552;"A";"1";441983;4084960
1553;"A";"1";443991;4084979
1554;"A";"1";444991;4084969
1555;"A";"1";445988;4084943
1556;"A";"1";448954;4085008
1557;"A";"4C";450000;4085000
1558;"A";"1";425000;4084000
1559;"A";"3C";425962;4084000
1559;"A";"3E";426000;4084000
1560;"A";"1";426953;4083986
1562;"A";"1";428986;4083982
1564;"A";"1";434000;4084000
1566;"A";"1";437981;4084006
1567;"A";"1";440971;4083971
1568;"A";"1";442970;4083988
1569;"A";"1";445000;4084000
1570;"A";"3C";447015;4084027
1570;"A";"3E";446998;4083975
1574;"A";"1";428971;4083002
1575;"A";"3C";429952;4082967
1575;"A";"3E";0;0
1576;"A";"3C";430973;4082990
1576;"A";"3E";430995;4082972
1578;"A";"1";433000;4082987
1579;"A";"4";435000;4083000
1580;"A";"4";436000;4083000
1581;"A";"1";436992;4082965
1582;"A";"1";439012;4082956
1583;"A";"1";439992;4082994
1584;"A";"1";441998;4082994
1585;"A";"1";442970;4082976
1586;"A";"1";443990;4082992
1587;"A";"3C";445969;4082964
1587;"A";"3E";446020;4083000
1589;"A";"1";447949;4082988
1592;"A";"3C";427974;4081998
1592;"A";"3E";428000;4082000
1593;"A";"1";430000;4081965
1595;"A";"1";432992;4082033
1597;"A";"1";437987;4081976
1599;"A";"1";439987;4081976
1600;"A";"1";443963;4081967
1601;"A";"3C";444921;4081941
1601;"A";"3E";445000;4082000
1602;"A";"1";445995;4081946
1603;"A";"1";450969;4082034
1604;"A";"1";423987;4081010
1608;"A";"4";428000;4081000
1609;"A";"1";428974;4081015
1613;"A";"1";437013;4081008
1615;"A";"1";440931;4081017
1617;"A";"1";449974;4080965
1618;"A";"1";450974;4080978
1619;"A";"1";452959;4081003
1620;"A";"4";425035;4079984
1622;"A";"1";426975;4080033
1623;"A";"4";428987;4079987
1628;"A";"1";434975;4080008
1632;"A";"1";442944;4080016
1633;"A";"1";443995;4080007
1635;"A";"1";448989;4079994
1636;"A";"1";449959;4079983
1643;"A";"4";437000;4079000
1644;"A";"1";438976;4079018
1645;"A";"1";440006;4078997
1646;"A";"1";440950;4078982
1647;"A";"1";443006;4078996
1648;"A";"3C";445895;4078954
1648;"A";"3E";446000;4079000
1650;"A";"1";428964;4077944
1653;"A";"1";435952;4077981
1654;"A";"1";437000;4078000
1656;"A";"1";441984;4077985
1657;"A";"1";443957;4077977
1658;"A";"1";444956;4077979
1662;"A";"1";442948;4076968
1663;"A";"1";445010;4077000
1664;"A";"1";445994;4077002
1665;"A";"1";446964;4076916
1667;"A";"1";451966;4076971
1668;"A";"3C";455034;4094962
1668;"A";"3E";454998;4095006
1670;"A";"3C";464038;4094971
1670;"A";"3E";463985;4095010
1672;"A";"1";477052;4095017
1674;"A";"1";480062;4094962
1675;"A";"1";480993;4095039
1677;"A";"1";453934;4093986
1678;"A";"1";456042;4094003
1682;"A";"1";478974;4093979
1688;"A";"3C";465928;4093064
1688;"A";"3E";465997;4092983
1689;"A";"3C";466977;4093018
1689;"A";"3E";467010;4093003
1691;"A";"1";476988;4093027
1692;"A";"1";463939;4091987
1694;"A";"4";470991;4091999
1695;"A";"3C";476980;4091995
1695;"A";"3E";0;0
1696;"A";"3C";477991;4092041
1696;"A";"3E";477986;4091974
1698;"A";"1";458972;4090945
1699;"A";"1";462998;4090946
1701;"A";"3C";472982;4091050
1701;"A";"3E";473000;4091000
1702;"A";"1";474000;4091000
1703;"A";"1";475000;4091000
1704;"A";"1";460984;4090050
1705;"A";"1";462023;4090043
1707;"A";"3C";466008;4089969
1707;"A";"3E";466000;4090000
1709;"A";"1";470012;4090012
1710;"A";"1";471000;4090000
1711;"A";"1";472000;4090000
1712;"A";"1";472984;4089999
1713;"A";"3C";473982;4089997
1713;"A";"3E";473995;4089982
1717;"A";"3C";458880;4089095
1717;"A";"3E";459000;4089000
1718;"A";"1";460936;4089010
1719;"A";"1";462008;4089010
1721;"A";"1";465013;4089011
1722;"A";"4C";470000;4089000
1723;"A";"1";476000;4089000
1726;"A";"1";469000;4088000
1736;"A";"1";469000;4083000
1737;"A";"1";453996;4082010
1738;"A";"4";463000;4082048
1744;"A";"1";469000;4082000
1745;"A";"1";469935;4081965
1746;"A";"1";458000;4081053
1747;"A";"1";458892;4081078
1748;"A";"3C";460050;4080946
1748;"A";"3E";460000;4081000
1749;"A";"1";460958;4080985
1752;"A";"1";470000;4081000
1753;"A";"1";471000;4081000
1754;"A";"4";0;0
1756;"A";"1";462939;4080024
1757;"A";"4";465000;4080000
1758;"A";"1";467007;4079988
1761;"A";"1";453972;4079008
1762;"A";"1";458959;4078976
1763;"A";"1";460025;4078998
1764;"A";"1";461956;4078989
1766;"A";"1";463959;4078962
1771;"A";"1";458997;4078003
1772;"A";"1";459975;4077991
1773;"A";"1";460999;4078015
1774;"A";"1";463933;4078045
1776;"A";"4";471000;4078000
1779;"A";"1";460959;4077066
1781;"A";"4";0;0
1787;"A";"6C";441000;4076000
1788;"A";"4";443000;4076000
1791;"A";"3C";446960;4075972
1791;"A";"3E";0;0
1792;"A";"1";451935;4075976
1794;"A";"3C";440988;4075015
1794;"A";"3E";0;0
1795;"A";"4";0;0
1796;"A";"1";448957;4074967
1798;"A";"6C";445000;4074000
1800;"A";"1";447993;4073985
1801;"A";"4";0;0
1802;"A";"1";449983;4073977
1806;"A";"1";449000;4071000
1810;"A";"3C";430995;4067036
1810;"A";"3E";431000;4067000
1811;"A";"3C";432004;4066046
1811;"A";"3E";432000;4066000
1812;"A";"3C";456943;4076041
1812;"A";"3E";456973;4075998
1814;"A";"1";460000;4076000
1815;"A";"1";460993;4075970
1818;"A";"4";0;0
1823;"A";"3C";458921;4075016
1823;"A";"3E";458992;4074970
1824;"A";"1";461000;4075000
1825;"A";"1";462021;4074987
1827;"A";"4";0;0
1831;"A";"3C";455954;4070959
1831;"A";"3E";0;0
1832;"A";"1";456964;4070992
1834;"A";"1";462972;4070925
1837;"A";"1";462001;4069975
1838;"A";"1";462917;4069967
1839;"A";"1";463985;4069995
1841;"A";"3C";461935;4068968
1841;"A";"3E";462000;4069000
1843;"A";"1";479000;4068000
1844;"A";"3C";461988;4065969
1844;"A";"3E";462000;4066000
1846;"A";"6C";435987;4117966
1848;"A";"6C";436017;4118971
1849;"A";"6C";429995;4119035
1850;"A";"6C";431024;4118979
1851;"A";"6C";428997;4121065
1852;"A";"6C";427984;4118959
1853;"A";"6C";433966;4118998
1854;"A";"6C";435007;4118030
1855;"A";"1";524978;4128977
1856;"A";"4C";412972;4119022
1857;"A";"6C";424964;4118012
1858;"A";"4";0;0
1859;"A";"1";512072;4134059
1863;"A";"6C";430008;4118974
1864;"A";"6C";430949;4119016
1865;"A";"6C";428964;4121028
1866;"A";"6C";427999;4119041
1867;"A";"6C";434025;4118946
1868;"A";"4C";434966;4118064
1869;"A";"4C";412999;4118973
1871;"A";"6C";428000;4120000
1873;"A";"6C";429000;4119000
1875;"A";"6C";428023;4120015
1877;"A";"6C";428958;4119048
1879;"A";"6C";427978;4119988
1881;"A";"6C";428942;4119088
2000;"N";"N";542000;4211000
2002;"N";"N";542000;4210000
2003;"N";"N";537000;4209000
2004;"N";"N";546000;4210000
2005;"N";"N";548000;4210000
2006;"N";"N";545000;4209000
2007;"N";"N";547000;4209000
2008;"N";"N";550000;4208000
2010;"N";"N";553000;4207000
2011;"N";"N";557000;4207000
2012;"N";"N";560000;4207000
2013;"N";"N";538000;4204000
2014;"N";"N";541000;4204000
2015;"N";"N";536995;4202995
2016;"N";"N";534998;4202006
2018;"N";"N";540000;4200000
2019;"N";"N";532000;4199000
2020;"N";"N";530014;4198000
2021;"N";"N";533000;4198001
2022;"N";"N";536004;4198005
2023;"N";"N";0;0
2024;"N";"N";0;0
2025;"N";"N";0;0
2026;"N";"N";525000;4195000
2027;"N";"N";0;0
2028;"N";"N";0;0
2029;"N";"N";0;0
2030;"N";"N";525000;4193000
2031;"N";"N";541000;4193001
2032;"N";"N";0;0
2033;"N";"N";517000;4191000
2035;"N";"N";0;0
2036;"N";"N";515955;4188996
2037;"N";"N";533000;4188000
2038;"N";"N";550000;4206000
2039;"N";"N";552000;4206000
2040;"N";"N";552998;4204979
2041;"N";"N";557000;4204000
2043;"N";"N";547002;4201000
2044;"N";"N";545000;4200000
2045;"N";"N";547999;4199999
2046;"N";"N";552000;4200000
2047;"N";"N";555000;4200000
2048;"N";"N";550001;4198995
2049;"N";"N";547002;4198003
2050;"N";"N";550998;4198004
2051;"N";"N";554000;4198000
2053;"N";"N";556001;4197000
2054;"N";"N";563999;4197000
2055;"N";"N";567003;4196023
2056;"N";"N";543002;4194993
2057;"N";"N";543984;4193982
2058;"N";"N";547978;4190987
2059;"N";"N";544991;4189966
2061;"N";"N";547004;4189002
2062;"N";"N";509969;4176014
2063;"N";"N";510000;4175000
2064;"N";"N";517000;4187000
2065;"N";"N";532000;4187000
2066;"N";"N";527000;4186000
2067;"N";"N";0;0
2068;"N";"N";513000;4185000
2069;"N";"N";515000;4185000
2071;"N";"N";518000;4183000
2072;"N";"N";527000;4183000
2073;"N";"N";513994;4179000
2074;"N";"N";530000;4178000
2075;"N";"N";518000;4176975
2076;"N";"N";0;0
2077;"N";"N";514000;4176000
2078;"N";"N";530976;4176001
2079;"N";"N";515000;4175000
2080;"N";"N";516990;4175000
2081;"N";"N";534965;4175003
2082;"N";"N";518990;4173009
2083;"N";"N";517978;4172016
2084;"N";"N";519030;4169999
2086;"N";"N";543002;4185000
2087;"N";"N";544992;4185006
2088;"N";"N";556996;4185002
2089;"N";"N";555994;4184000
2090;"N";"N";559989;4183997
2091;"N";"N";557000;4183000
2092;"N";"N";558986;4182022
2094;"N";"N";555010;4180011
2095;"N";"N";557990;4180000
2096;"N";"N";560000;4180000
2097;"N";"N";560990;4178000
2098;"N";"N";555030;4177017
2099;"N";"N";551000;4173000
2100;"N";"N";550000;4169972
2101;"N";"N";555000;4170000
2102;"N";"N";454000;4162000
2103;"N";"N";451000;4158000
2104;"N";"N";453000;4156000
2105;"N";"N";446978;4153980
2106;"N";"N";442006;4150982
2107;"N";"N";481000;4166000
2108;"N";"N";456000;4163000
2110;"N";"N";477020;4159959
2111;"N";"N";478994;4159986
2112;"N";"N";471000;4158000
2113;"N";"N";476005;4156009
2114;"N";"N";477009;4155981
2115;"N";"N";454957;4155015
2116;"N";"N";510000;4163000
2117;"N";"N";509000;4162000
2118;"N";"N";484974;4160990
2120;"N";"N";510000;4161000
2121;"N";"N";484973;4160021
2122;"N";"N";483932;4158990
2123;"N";"N";486000;4159000
2124;"N";"N";493000;4159000
2125;"N";"N";504000;4157000
2126;"N";"N";490995;4153980
2127;"N";"N";491000;4153000
2128;"N";"N";489985;4152000
2129;"N";"N";520000;4167000
2130;"N";"N";541000;4167000
2131;"N";"N";528040;4166008
2132;"N";"N";531000;4166000
2134;"N";"N";517000;4165000
2135;"N";"N";529000;4165000
2136;"N";"N";530000;4165000
2137;"N";"N";533000;4165000
2138;"N";"N";527972;4163971
2139;"N";"N";530000;4164000
2140;"N";"N";532000;4164000
2141;"N";"N";0;0
2142;"N";"N";526999;4163005
2143;"N";"N";515000;4162000
2144;"N";"N";521990;4161000
2145;"N";"N";515000;4160000
2147;"N";"N";517000;4158000
2148;"N";"N";525014;4158000
2149;"N";"N";525000;4152000
2150;"N";"N";549000;4168000
2151;"N";"N";547000;4166000
2152;"N";"N";546984;4164025
2153;"N";"N";552012;4160000
2154;"N";"N";548976;4157980
2155;"N";"N";552000;4155000
2156;"N";"N";555020;4155015
2158;"N";"N";407000;4140000
2159;"N";"N";405000;4139000
2160;"N";"N";401978;4136940
2161;"N";"N";405000;4137000
2162;"N";"N";415019;4136972
2163;"N";"N";403000;4136000
2164;"N";"N";400048;4134986
2165;"N";"N";406000;4135000
2166;"N";"N";421000;4134000
2167;"N";"N";419000;4133000
2168;"N";"N";444976;4148007
2169;"N";"N";437000;4145000
2170;"N";"N";453000;4142000
2171;"N";"N";443000;4141000
2172;"N";"N";445000;4141000
2173;"N";"N";449008;4140999
2174;"N";"N";434995;4140012
2175;"N";"N";438000;4138000
2176;"N";"N";441000;4138000
2177;"N";"N";0;0
2178;"N";"N";440000;4135001
2179;"N";"N";442000;4135000
2181;"N";"N";450000;4133000
2182;"N";"N";460000;4150000
2183;"N";"N";465993;4147003
2184;"N";"N";464000;4143000
2185;"N";"N";463000;4142000
2186;"N";"N";482000;4142000
2187;"N";"N";461000;4141000
2188;"N";"N";483000;4141000
2189;"N";"N";464994;4140015
2190;"N";"N";472000;4139000
2192;"N";"N";467000;4137000
2193;"N";"N";465000;4136000
2194;"N";"N";468000;4136000
2195;"N";"N";455009;4135025
2196;"N";"N";465000;4135000
2197;"N";"N";470005;4134982
2198;"N";"N";483000;4135000
2199;"N";"N";463000;4134000
2200;"N";"N";483000;4134000
2201;"N";"N";455000;4133000
2202;"N";"N";468000;4133000
2203;"N";"N";470998;4133002
2204;"N";"N";510000;4150000
2206;"N";"N";509000;4148000
2207;"N";"N";506000;4145000
2208;"N";"N";486000;4144000
2209;"N";"N";491000;4144000
2210;"N";"N";485000;4142000
2211;"N";"N";484000;4140000
2212;"N";"N";485000;4140000
2213;"N";"N";510000;4140000
2214;"N";"N";485000;4139000
2215;"N";"N";494000;4139000
2216;"N";"N";0;0
2217;"N";"N";487000;4136000
2219;"N";"N";506000;4136000
2220;"N";"N";509000;4136000
2221;"N";"N";486000;4135000
2222;"N";"N";498000;4135000
2223;"N";"N";5e+05;4135000
2224;"N";"N";507000;4135000
2225;"N";"N";484000;4134000
2226;"N";"N";502000;4134000
2227;"N";"N";506000;4134000
2228;"N";"N";508973;4133998
2229;"N";"N";512000;4134000
2230;"N";"N";498000;4133000
2231;"N";"N";505000;4133000
2232;"N";"N";511000;4133000
2233;"N";"N";514010;4150012
2234;"N";"N";516000;4148000
2235;"N";"N";527985;4148000
2236;"N";"N";515000;4145000
2237;"N";"N";520000;4142000
2238;"N";"N";519000;4141000
2239;"N";"N";520000;4140000
2241;"N";"N";521000;4139000
2242;"N";"N";528000;4136000
2243;"N";"N";525000;4135000
2244;"N";"N";527017;4133955
2245;"N";"N";529000;4134000
2246;"N";"N";517000;4133000
2247;"N";"N";528000;4133000
2248;"N";"N";545000;4150000
2249;"N";"N";394000;4128000
2251;"N";"N";390000;4125000
2252;"N";"N";391960;4119016
2253;"N";"N";393991;4118980
2254;"N";"N";389011;4118030
2255;"N";"N";383999;4114998
2256;"N";"N";385000;4115000
2257;"N";"N";422000;4132000
2258;"N";"N";4e+05;4130000
2259;"N";"N";414000;4130000
2260;"N";"N";423981;4130003
2261;"N";"N";401000;4128000
2262;"N";"N";396000;4127000
2263;"N";"N";399000;4127000
2264;"N";"N";404000;4126964
2265;"N";"N";407000;4127000
2266;"N";"N";403028;4126025
2267;"N";"N";418000;4126000
2268;"N";"N";395000;4125000
2269;"N";"N";398000;4125000
2270;"N";"N";410000;4125000
2271;"N";"N";406979;4119998
2272;"N";"N";408993;4119000
2273;"N";"N";409964;4118995
2274;"N";"N";411005;4118990
2275;"N";"N";423000;4118000
2276;"N";"N";424000;4118000
2277;"N";"N";411991;4115006
2279;"N";"N";452000;4131000
2280;"N";"N";0;0
2281;"N";"N";443000;4130000
2282;"N";"N";450000;4130000
2283;"N";"N";451993;4129001
2284;"N";"N";446978;4127995
2285;"N";"N";443000;4127000
2286;"N";"N";436949;4123000
2287;"N";"N";432000;4119000
2288;"N";"N";435000;4119000
2289;"N";"N";427000;4118000
2290;"N";"N";434000;4118000
2291;"N";"N";439000;4118000
2292;"N";"N";436000;4117000
2293;"N";"N";437000;4117000
2294;"N";"N";438000;4116000
2295;"N";"N";450993;4115996
2296;"N";"N";434975;4115016
2297;"N";"N";466992;4131997
2299;"N";"N";483000;4132000
2300;"N";"N";461000;4131000
2301;"N";"N";463000;4131000
2302;"N";"N";466000;4131000
2303;"N";"N";460000;4130000
2304;"N";"N";462000;4130000
2305;"N";"N";468000;4130000
2306;"N";"N";461996;4127983
2307;"N";"N";473018;4127999
2308;"N";"N";478000;4128000
2310;"N";"N";455000;4125000
2311;"N";"N";458000;4125000
2312;"N";"N";460000;4125000
2313;"N";"N";478000;4125000
2314;"N";"N";477000;4123000
2315;"N";"N";480025;4123000
2316;"N";"N";483018;4123017
2317;"N";"N";481000;4122000
2318;"N";"N";0;0
2319;"N";"N";475000;4120000
2320;"N";"N";479990;4119999
2321;"N";"N";474000;4119000
2323;"N";"N";455000;4118000
2324;"N";"N";478000;4118000
2325;"N";"N";480000;4118000
2326;"N";"N";476000;4117000
2327;"N";"N";482000;4117000
2328;"N";"N";464000;4116000
2329;"N";"N";477000;4116000
2330;"N";"N";457000;4115000
2332;"N";"N";459000;4114000
2333;"N";"N";486000;4132000
2334;"N";"N";499000;4132000
2335;"N";"N";504000;4132001
2336;"N";"N";5e+05;4131000
2337;"N";"N";492000;4129000
2338;"N";"N";506002;4129000
2339;"N";"N";507000;4128002
2341;"N";"N";506009;4126987
2342;"N";"N";507000;4126000
2343;"N";"N";485007;4124998
2344;"N";"N";505000;4124000
2345;"N";"N";508002;4124000
2346;"N";"N";527000;4132000
2347;"N";"N";529987;4131984
2348;"N";"N";525000;4130000
2349;"N";"N";528001;4129000
2350;"N";"N";520000;4125000
2351;"N";"N";524000;4124999
2352;"N";"N";525000;4125000
2353;"N";"N";527003;4124997
2354;"N";"N";530000;4125000
2355;"N";"N";524991;4124012
2356;"N";"N";527998;4123007
2357;"N";"N";528001;4120001
2358;"N";"N";392996;4112999
2359;"N";"N";385987;4110000
2360;"N";"N";387989;4110015
2361;"N";"N";387996;4108000
2362;"N";"N";391992;4106997
2364;"N";"N";388990;4105000
2365;"N";"N";390000;4105000
2366;"N";"N";386994;4103999
2367;"N";"N";387988;4102997
2368;"N";"N";386987;4102002
2369;"N";"N";389991;4100990
2370;"N";"N";4e+05;4110000
2371;"N";"N";400989;4108999
2372;"N";"N";417985;4107009
2374;"N";"N";405000;4105000
2375;"N";"N";398989;4103000
2376;"N";"N";396990;4102000
2377;"N";"N";405005;4101979
2378;"N";"N";395000;4100000
2379;"N";"N";396990;4099999
2380;"N";"N";395988;4098999
2381;"N";"N";396987;4097997
2382;"N";"N";398988;4097999
2384;"N";"N";412968;4097996
2385;"N";"N";399989;4096999
2386;"N";"N";395991;4096000
2387;"N";"N";404964;4095998
2388;"N";"N";406989;4095999
2389;"N";"N";433000;4112000
2390;"N";"N";447000;4101000
2391;"N";"N";450000;4100000
2392;"N";"N";427000;4099000
2394;"N";"N";0;0
2395;"N";"N";0;0
2396;"N";"N";432000;4097000
2397;"N";"N";436000;4097000
2398;"N";"N";428000;4096000
2399;"N";"N";429968;4096015
2400;"N";"N";467014;4112981
2401;"N";"N";471000;4113000
2402;"N";"N";0;0
2404;"N";"N";462008;4108020
2405;"N";"N";456000;4107000
2406;"N";"N";459000;4107000
2407;"N";"N";471000;4107000
2408;"N";"N";454000;4106000
2409;"N";"N";457000;4106000
2410;"N";"N";456007;4103009
2411;"N";"N";454000;4101000
2412;"N";"N";454993;4099991
2413;"N";"N";0;0
2414;"N";"N";481000;4100000
2415;"N";"N";0;0
2416;"N";"N";478000;4099000
2417;"N";"N";476000;4097000
2418;"N";"N";482000;4097000
2420;"N";"N";498000;4113000
2421;"N";"N";506000;4113000
2422;"N";"N";492992;4112004
2423;"N";"N";485000;4110000
2424;"N";"N";489987;4110020
2425;"N";"N";488967;4107989
2426;"N";"N";499000;4108000
2427;"N";"N";505000;4107000
2429;"N";"N";493000;4103000
2430;"N";"N";492000;4102000
2431;"N";"N";494000;4102000
2432;"N";"N";485000;4101000
2433;"N";"N";487000;4101000
2434;"N";"N";493000;4101000
2435;"N";"N";485000;4100000
2436;"N";"N";494996;4100003
2438;"N";"N";495000;4099000
2439;"N";"N";498000;4099000
2440;"N";"N";492000;4098000
2441;"N";"N";499000;4098000
2442;"N";"N";484000;4097000
2443;"N";"N";493000;4097000
2444;"N";"N";497000;4097000
2445;"N";"N";493985;4096025
2446;"N";"N";391992;4094997
2448;"N";"N";4e+05;4095000
2449;"N";"N";401991;4094992
2450;"N";"N";405000;4095000
2451;"N";"N";405990;4094995
2452;"N";"N";419975;4094993
2453;"N";"N";400989;4093997
2454;"N";"N";402992;4093999
2455;"N";"N";404989;4094001
2456;"N";"N";406991;4094007
2457;"N";"N";406993;4091996
2458;"N";"N";407989;4090995
2459;"N";"N";420008;4088002
2461;"N";"N";420000;4085000
2462;"N";"N";425000;4095000
2463;"N";"N";427000;4095000
2464;"N";"N";429000;4095000
2465;"N";"N";429972;4094998
2466;"N";"N";437000;4095000
2467;"N";"N";433000;4094000
2468;"N";"N";0;0
2469;"N";"N";453003;4093015
2470;"N";"N";439000;4091000
2471;"N";"N";449000;4091000
2473;"N";"N";448011;4090022
2474;"N";"N";425015;4089004
2475;"N";"N";440000;4088000
2476;"N";"N";431000;4087000
2477;"N";"N";439000;4087000
2478;"N";"N";441000;4086000
2479;"N";"N";425000;4085000
2480;"N";"N";424000;4084000
2481;"N";"N";432000;4084000
2483;"N";"N";426008;4082987
2484;"N";"N";451997;4082992
2485;"N";"N";424000;4082000
2486;"N";"N";427000;4082000
2487;"N";"N";442000;4082000
2488;"N";"N";425000;4081000
2489;"N";"N";434000;4081000
2490;"N";"N";443000;4081000
2492;"N";"N";432000;4080000
2493;"N";"N";436000;4080000
2494;"N";"N";440000;4080000
2495;"N";"N";445000;4080000
2496;"N";"N";446000;4080000
2497;"N";"N";434000;4079000
2498;"N";"N";0;0
2499;"N";"N";475027;4094997
2500;"N";"N";469000;4094000
2501;"N";"N";0;0
2502;"N";"N";455000;4093000
2503;"N";"N";463000;4093000
2504;"N";"N";475005;4093014
2505;"N";"N";454000;4092000
2506;"N";"N";457000;4092000
2507;"N";"N";469000;4092000
2508;"N";"N";480000;4092000
2509;"N";"N";455000;4091000
2510;"N";"N";477000;4091000
2511;"N";"N";481000;4091000
2513;"N";"N";458000;4090000
2514;"N";"N";464000;4090000
2515;"N";"N";465012;4090000
2516;"N";"N";455000;4089000
2517;"N";"N";457000;4089000
2518;"N";"N";478000;4089000
2519;"N";"N";455980;4088005
2520;"N";"N";466000;4088000
2521;"N";"N";461000;4087000
2522;"N";"N";468000;4087000
2523;"N";"N";470000;4087000
2525;"N";"N";469002;4085970
2526;"N";"N";470999;4086001
2527;"N";"N";482018;4085982
2528;"N";"N";470000;4085000
2529;"N";"N";480985;4082003
2530;"N";"N";455000;4080000
2531;"N";"N";474995;4080005
2532;"N";"N";480014;4080033
2533;"N";"N";474000;4078000
2534;"N";"N";458000;4077000
2535;"N";"N";465997;4076995
2536;"N";"N";472000;4077000
2537;"N";"N";475000;4077000
2538;"N";"N";484000;4095000
2539;"N";"N";485000;4095000
2541;"N";"N";485000;4092000
2542;"N";"N";0;0
2543;"N";"N";499000;4091000
2544;"N";"N";484006;4088000
2545;"N";"N";485004;4084934
2546;"N";"N";489979;4084983
2547;"N";"N";491000;4084000
2548;"N";"N";484003;4082983
2549;"N";"N";494000;4083000
2550;"N";"N";487000;4082000
2551;"N";"N";489000;4082000
2552;"N";"N";0;0
2554;"N";"N";488000;4080014
2555;"N";"N";491000;4079000
2556;"N";"N";489000;4078000
2557;"N";"N";491000;4077000
2558;"N";"N";0;0
2559;"N";"N";434000;4076000
2560;"N";"N";0;0
2562;"N";"N";442000;4074000
2563;"N";"N";437005;4073015
2564;"N";"N";446000;4073000
2565;"N";"N";0;0
2566;"N";"N";440000;4070000
2567;"N";"N";464000;4076000
2568;"N";"N";0;0
2569;"N";"N";470000;4076000
2570;"N";"N";473005;4076013
2571;"N";"N";460000;4075000
2573;"N";"N";472986;4074985
2574;"N";"N";460000;4074000
2575;"N";"N";463000;4074000
2576;"N";"N";466994;4072993
2577;"N";"N";454000;4070000
2578;"N";"N";455000;4070000
2579;"N";"N";456000;4070000
2580;"N";"N";474000;4070000
2581;"N";"N";477000;4069000
2583;"N";"N";474000;4068000
2584;"N";"N";462986;4067006
